Console,Title,Usedprice,Review Score,US Sales (millions)
Nintendo DS,Super Mario 64 DS,24.95,85,4.69
Sony PSP,Lumines: Puzzle Fusion,14.95,89,0.56
Nintendo DS,WarioWare Touched!,22.95,81,0.54
Sony PSP,Hot Shots Golf: Open Tee,12.95,81,0.49
Nintendo DS,Spider-Man 2,14.95,61,0.45
Nintendo DS,The Urbz: Sims in the City,12.95,67,0.41
Sony PSP,Ridge Racer,19.95,88,0.36
Sony PSP,Metal Gear Ac!d,17.95,75,0.34
Nintendo DS,Madden NFL 2005,8.95,68,0.25
Nintendo DS,Pok�mon Dash,24.95,46,0.22
Sony PSP,Dynasty Warriors,14.95,62,0.2
Nintendo DS,Feel the Magic XY/XX,8.95,75,0.16
Nintendo DS,Ridge Racer DS,9.95,63,0.15
Sony PSP,Darkstalkers Chronicle: The Chaos Tower,14.95,74,0.14
Sony PSP,Ape Escape Academy,14.95,51,0.13
Nintendo DS,Polarium,8.95,73,0.12
Nintendo DS,Asphalt: Urban GT,14.95,60,0.11
Nintendo DS,Ping Pals,7.95,28,0.11
Nintendo DS,Zoo Keeper,14.95,74,0.1
Nintendo DS,Mr. DRILLER: Drill Spirits,14.95,72,0.09
Nintendo DS,Sprung,8.95,48,0.06
Sony PSP,Armored Core: Formula Front - Extreme Battle,16.95,66,0.05
Nintendo DS,Puyo Pop Fever,19.95,76,0.04
Nintendo DS,Mario Kart DS,29.95,91,9.99
Nintendo DS,Nintendogs,26.95,83,9.72
Nintendo DS,Brain Age: Train Your Brain in Minutes a Day!,17.95,77,5.07
Nintendo DS,Brain Age�: More Training in Minutes a Day!,17.95,77,3.65
Sony PSP,Grand Theft Auto: Liberty City Stories,17.95,88,2.97
Nintendo DS,Animal Crossing: Wild World,24.95,86,2.6
Nintendo DS,Big Brain Academy,16.95,74,1.77
X360,Call of Duty 2,17.95,89,1.69
Sony PSP,Midnight Club 3: DUB Edition,14.95,74,1.69
Sony PSP,Need for Speed: Most Wanted 5-1-0,14.95,72,1.67
Nintendo DS,Pok�mon Mystery Dungeon: Blue Rescue Team,14.95,62,1.22
Nintendo DS,Sonic Rush,14.95,82,1.2
Sony PSP,Star Wars: Battlefront II,16.95,69,1.09
Sony PSP,SOCOM: U.S. Navy SEALs - Fireteam Bravo,14.95,82,1.07
X360,Need for Speed: Most Wanted,17.95,83,0.95
Nintendo DS,Zoo Tycoon DS,12.95,44,0.92
Nintendo DS,The Sims 2,17.95,70,0.83
Sony PSP,Namco Museum Battle Collection,17.95,73,0.77
Nintendo DS,Mario & Luigi: Partners in Time,29.95,86,0.75
Sony PSP,Madden NFL 06,7.95,75,0.75
Sony PSP,Need for Speed Underground: Rivals,17.95,74,0.73
Sony PSP,Twisted Metal: Head-On,14.95,79,0.73
X360,Perfect Dark Zero,17.95,79,0.7
Nintendo DS,Super Monkey Ball: Touch & Roll,15.95,63,0.7
Nintendo DS,Super Princess Peach,29.95,75,0.7
Sony PSP,Burnout Legends,14.95,86,0.68
X360,Madden NFL 06,4.95,74,0.62
Nintendo DS,Clubhouse Games,17.95,83,0.61
Sony PSP,ATV Offroad Fury: Blazin' Trails,12.95,63,0.56
Sony PSP,Untold Legends: Brotherhood of the Blade,12.95,68,0.56
Sony PSP,Tony Hawk's Underground 2: Remix,14.95,83,0.49
Sony PSP,The Sims 2,14.95,65,0.46
Sony PSP,WipEout Pure,12.95,88,0.45
Sony PSP,NBA Live 06,9.95,80,0.42
Sony PSP,WWE Smackdown vs. Raw 2006,14.95,81,0.38
X360,Dead or Alive 4,17.95,85,0.38
Nintendo DS,Phoenix Wright: Ace Attorney,24.95,81,0.38
Sony PSP,Spider-Man 2,14.95,67,0.38
Sony PSP,NFL Street 2,17.95,73,0.37
Nintendo DS,Kirby: Canvas Curse,17.95,86,0.37
X360,Battlefield 2: Modern Combat,16.95,77,0.36
Nintendo DS,Yoshi Touch & Go,17.95,73,0.36
X360,Tiger Woods PGA Tour 06,9.95,71,0.33
X360,Condemned: Criminal Origins,14.95,81,0.33
X360,Peter Jackson's King Kong: The Official Game of...,14.95,80,0.32
Nintendo DS,Castlevania: Dawn of Sorrow,17.95,89,0.31
Nintendo DS,SpongeBob SquarePants: The Yellow Avenger,13.95,67,0.31
Sony PSP,Marvel Nemesis: Rise of the Imperfects ,17.95,58,0.31
X360,Kameo: Elements of Power,11.95,79,0.31
Nintendo DS,Advance Wars: Dual Strike,17.95,90,0.3
Nintendo DS,Trauma Center: Under the Knife,15.95,81,0.3
Sony PSP,Coded Arms,12.95,59,0.3
X360,NBA LIVE 06 ,4.95,64,0.29
X360,Tony Hawk's American Wasteland,14.95,75,0.29
Nintendo DS,Star Wars: Episode III - Revenge of the Sith,16.95,73,0.28
Sony PSP,Capcom Classics Collection Remixed,17.95,72,0.28
Nintendo DS,Madagascar,14.95,66,0.27
Sony PSP,X-Men: Legends II - Rise of Apocalypse,17.95,84,0.27
X360,Quake 4,14.95,75,0.27
Nintendo DS,Pok�mon Trozei!,19.95,74,0.26
Nintendo DS,Need for Speed: Most Wanted,15.95,45,0.25
Sony PSP,Mega Man Maverick Hunter X,17.95,79,0.25
Sony PSP,MLB,9.95,80,0.24
Sony PSP,NBA Street Showdown,17.95,75,0.22
Nintendo DS,Metroid Prime Pinball,17.95,79,0.22
Sony PSP,NBA 06,9.95,72,0.22
X360,GUN ,19.95,75,0.22
X360,NBA 2K6 ,4.95,81,0.22
Sony PSP,Pinball Hall of Fame: The Gottlieb Collection,9.95,73,0.21
Nintendo DS,Harry Potter and the Goblet of Fire,17.95,68,0.21
Nintendo DS,Tony Hawk's American Sk8land,16.95,84,0.21
Sony PSP,Midway Arcade Treasures: Extended Play,14.95,63,0.21
Sony PSP,MVP Baseball,4.95,67,0.21
Sony PSP,NBA,9.95,57,0.21
Sony PSP,Tiger Woods PGA Tour,17.95,78,0.21
Sony PSP,World Series of Poker,14.95,37,0.21
Sony PSP,SSX on Tour,16.95,79,0.2
Sony PSP,Tiger Woods PGA Tour 06,9.95,80,0.2
Sony PSP,Death Jr.,9.95,61,0.19
Sony PSP,Harry Potter and the Goblet of Fire,17.95,70,0.19
Sony PSP,MediEvil Resurrection,17.95,66,0.19
Nintendo DS,"The Chronicles of Narnia: The Lion, the Witch a...",12.95,65,0.18
Nintendo DS,Shrek SuperSlam,11.95,56,0.18
Sony PSP,Virtua Tennis: World Tour,14.95,84,0.18
Sony PSP,Prince of Persia: Revelations,6.95,65,0.17
Nintendo DS,Burnout Legends,17.95,38,0.16
Nintendo DS,Meteos,15.95,88,0.16
Nintendo DS,Spyro: Shadow Legacy,17.95,50,0.15
Sony PSP,The Con,8.95,63,0.15
Sony PSP,Infected,17.95,74,0.15
Nintendo DS,Trace Memory,14.95,70,0.14
Sony PSP,Pursuit Force,14.95,75,0.14
Sony PSP,Kingdom of Paradise,12.95,72,0.13
Nintendo DS,Dragon Ball Z: Supersonic Warriors 2,22.95,66,0.13
Nintendo DS,Dragon Quest Heroes: Rocket Slime,12.95,83,0.13
Sony PSP,Dead to Rights: Reckoning,14.95,54,0.13
Sony PSP,World Championship Poker 2 featuring Howard Led...,9.95,65,0.13
X360,Amped 3,14.95,72,0.13
Nintendo DS,Break 'em All,17.95,68,0.12
Nintendo DS,Lunar: Dragon Song,14.95,59,0.12
Nintendo DS,Madden NFL 06,9.95,66,0.12
Nintendo DS,Retro Atari Classics,12.95,51,0.12
Nintendo DS,True Swing Golf,14.95,66,0.12
Sony PSP,FIFA Soccer,14.95,73,0.12
Sony PSP,Metal Gear Ac!d 2,12.95,80,0.12
Nintendo DS,ATV Quad Frenzy,14.95,35,0.11
Nintendo DS,Bomberman,17.95,75,0.11
Nintendo DS,GoldenEye: Rogue Agent,14.95,58,0.11
Nintendo DS,Need for Speed Underground 2,22.95,65,0.11
Sony PSP,FIFA Soccer 06,16.95,77,0.11
Sony PSP,Frogger: Helmet Chaos,19.95,66,0.11
Sony PSP,The Lord of the Rings: Tactics,19.95,64,0.11
Sony PSP,Rengoku: The Tower of Purgatory,12.95,43,0.11
Sony PSP,Gretzky NHL,9.95,61,0.1
X360,Ridge Racer 6,14.95,74,0.1
Nintendo DS,Ford Racing 3,14.95,49,0.1
Sony PSP,World Tour Soccer,12.95,70,0.1
X360,NHL 2K6 ,5.95,75,0.1
Nintendo DS,Bust-a-Move DS,17.95,75,0.09
Nintendo DS,Battles of Prince of Persia,14.95,64,0.09
Nintendo DS,Snood 2: On Vacation,11.95,46,0.09
Sony PSP,GripShift,9.95,70,0.09
Nintendo DS,Marvel Nemesis: Rise of the Imperfects ,14.95,34,0.08
Nintendo DS,Scooby-Doo! Unmasked,17.95,60,0.08
Nintendo DS,Viewtiful Joe: Double Trouble!,14.95,73,0.08
Sony PSP,Frantix,12.95,59,0.08
Sony PSP,The Legend of Heroes: A Tear of Vermillion,17.95,68,0.08
Sony PSP,PQ: Practical Intelligence Quotient,14.95,69,0.08
Nintendo DS,Lost in Blue,24.95,69,0.07
Sony PSP,Ghost in the Shell: Stand Alone Complex,14.95,61,0.07
Sony PSP,The Hustle: Detroit Streets,7.95,51,0.07
Nintendo DS,Dig Dug: Digging Strike,16.95,65,0.06
Nintendo DS,Frogger: Helmet Chaos,17.95,69,0.06
Nintendo DS,Mega Man Battle Network 5: Double Team DS,17.95,68,0.06
Nintendo DS,Nanostray,17.95,71,0.06
Nintendo DS,Sega Casino,17.95,61,0.06
Nintendo DS,Teenage Mutant Ninja Turtles 3: Mutant Nightmare,17.95,58,0.06
Sony PSP,Pac-Man World 3,24.95,61,0.06
Sony PSP,Smart Bomb,14.95,45,0.06
Sony PSP,Tokobot,17.95,72,0.06
Nintendo DS,Fullmetal Alchemist: Dual Sympathy,14.95,58,0.05
Sony PSP,Exit,9.95,77,0.05
Nintendo DS,Bubble Bobble Revolution,17.95,38,0.04
Nintendo DS,Elf Bowling 1&2,17.95,12,0.02
Nintendo DS,The Rub Rabbits!,17.95,68,0.02
Nintendo DS,Rainbow Islands Revolution,14.95,54,0.02
Sony PSP,Kao Challengers,14.95,57,0.02
Nintendo DS,Electroplankton,29.95,71,0.01
Nintendo DS,LifeSigns: Surgical Unit,22.95,61,0.01
Nintendo DS,Space Invaders Revolution,13.95,49,0.01
Nintendo Wii,Wii Play,14.95,58,14.66
Nintendo DS,New Super Mario Bros.,27.95,89,10.03
Nintendo DS,Pok�mon Diamond,27.95,85,6.77
Nintendo DS,Pok�mon Pearl,26.95,85,6.77
X360,Gears of War,19.95,94,3.7
Nintendo Wii,The Legend of Zelda: Twilight Princess,39.95,95,3.33
Nintendo DS,Cooking Mama,17.95,67,2.9
X360,Marvel Ultimate Alliance,14.95,82,2.42
Sony PSP,Daxter,14.95,85,2.38
X360,The Elder Scrolls IV: Oblivion,19.95,94,2.12
X360,Madden NFL 07,4.95,80,1.77
Sony PSP,Grand Theft Auto: Vice City Stories,17.95,86,1.72
PlayStation 3,Resistance: Fall of Man,19.95,86,1.61
PlayStation 3,MotorStorm,16.95,82,1.58
X360,Call of Duty 3,16.95,82,1.51
Nintendo DS,Yoshi's Island DS,27.95,81,1.49
X360,Tom Clancy's Ghost Recon: Advanced Warfighter,14.95,90,1.46
X360,Fight Night Round 3,14.95,86,1.4
Nintendo DS,Pok�mon Ranger,19.95,69,1.36
Nintendo Wii,Rayman Raving Rabbids,17.95,76,1.26
X360,Saints Row,14.95,81,1.23
X360,Tom Clancy's Rainbow Six: Vegas,14.95,88,1.19
X360,Dead Rising,16.95,85,1.16
Nintendo Wii,Call of Duty 3,19.95,69,1.15
X360,Lost Planet: Extreme Condition,12.95,79,1.15
Nintendo DS,Mario Hoops 3 on 3,22.95,69,1.03
Nintendo DS,LEGO Star Wars II: The Original Trilogy,17.95,47,1.02
Nintendo Wii,Super Monkey Ball: Banana Blitz,14.95,74,1
Nintendo DS,The Sims 2: Pets,14.95,49,0.97
Sony PSP,Need for Speed: Carbon - Own the City,16.95,73,0.93
Nintendo Wii,WarioWare: Smooth Moves,39.95,83,0.9
PlayStation 3,Fight Night Round 3,13.95,83,0.86
Nintendo DS,Final Fantasy III,17.95,77,0.86
Sony PSP,SOCOM: U.S. Navy SEALs - Fireteam Bravo 2,16.95,81,0.86
Sony PSP,Madden NFL 07,9.95,78,0.83
Nintendo Wii,Monster 4x4: World Circuit,12.95,51,0.82
Nintendo DS,Kirby: Squeak Squad,27.95,71,0.82
Nintendo Wii,Pok�mon Battle Revolution,39.95,53,0.81
Sony PSP,Medal of Honor: Heroes,14.95,71,0.81
Sony PSP,Tekken: Dark Resurrection,17.95,88,0.81
X360,Need for Speed: Carbon,16.95,77,0.78
Nintendo DS,Mario vs. Donkey Kong 2: March of the Minis,27.95,76,0.77
Sony PSP,Sonic Rivals,17.95,64,0.76
Sony PSP,Disney/Pixar Cars,12.95,70,0.71
X360,NCAA Football 07,4.95,79,0.7
Sony PSP,Mortal Kombat: Unchained,17.95,70,0.67
Sony PSP,MX vs. ATV: On the Edge,16.95,68,0.67
X360,Tom Clancy's Splinter Cell: Double Agent,17.95,85,0.67
Nintendo DS,Tetris DS,17.95,84,0.66
Sony PSP,LEGO Star Wars II: The Original Trilogy,17.95,83,0.61
Nintendo Wii,Red Steel,14.95,63,0.58
Nintendo DS,Metroid Prime: Hunters,27.95,85,0.58
X360,LEGO Star Wars II: The Original Trilogy,14.95,81,0.57
X360,NBA 2K7 ,4.95,84,0.56
Sony PSP,SEGA Genesis Collection,17.95,82,0.55
PlayStation 3,Call of Duty 3,19.95,80,0.52
Sony PSP,NBA Live 07,7.95,64,0.51
Nintendo Wii,GT Pro Series,14.95,41,0.49
PlayStation 3,Madden NFL 07,6.95,76,0.49
Sony PSP,SpongeBob SquarePants: The Yellow Avenger,12.95,48,0.49
Nintendo Wii,Madden NFL 07,9.95,81,0.48
Sony PSP,Fight Night Round 3,16.95,74,0.48
PlayStation 3,Need for Speed: Carbon,17.95,75,0.47
Nintendo Wii,Need for Speed: Carbon,17.95,67,0.47
X360,WWE SmackDown vs. Raw 2007,12.95,81,0.45
X360,Tiger Woods PGA Tour 07,9.95,80,0.45
X360,Viva Pi�ata,16.95,84,0.44
Nintendo Wii,SpongeBob Squarepants: Creature from the Krusty Krab,14.95,57,0.44
Sony PSP,Tony Hawk's Project 8,17.95,68,0.42
X360,Tony Hawk's Project 8,16.95,81,0.42
X360,NBA LIVE 07 ,4.95,59,0.42
Nintendo Wii,Excite Truck,19.95,72,0.4
Nintendo DS,Harvest Moon DS,17.95,67,0.4
Nintendo DS,Star Fox Command,14.95,76,0.39
Sony PSP,Metal Gear Solid: Portable Ops,17.95,87,0.39
Nintendo Wii,Marvel Ultimate Alliance,17.95,73,0.38
X360,Blazing Angels: Squadrons of WWII,16.95,66,0.37
X360,Major League Baseball 2K6,4.95,66,0.37
Sony PSP,NCAA Football 07,9.95,75,0.36
Sony PSP,MLB 06: The Show,9.95,83,0.35
PlayStation 3,Blazing Angels: Squadrons of WWII,16.95,67,0.35
Sony PSP,WWE SmackDown vs. Raw 2007,14.95,78,0.34
Nintendo DS,Rune Factory: A Fantasy Harvest Moon,24.95,78,0.34
Sony PSP,Marvel Ultimate Alliance,22.95,81,0.34
PlayStation 3,Marvel Ultimate Alliance,24.95,78,0.33
PlayStation 3,Tiger Woods PGA Tour 07,14.95,81,0.32
Sony PSP,Ace Combat X: Skies of Deception,22.95,75,0.32
Sony PSP,Killzone: Liberation,16.95,77,0.32
X360,F.E.A.R.: First Encounter Assault Recon,17.95,85,0.32
PlayStation 3,NBA 2K7,7.95,80,0.31
PlayStation 3,Tony Hawk's Project 8,14.95,76,0.3
Nintendo DS,Avatar: The Last Airbender,17.95,64,0.3
Nintendo DS,Castlevania: Portrait of Ruin,17.95,85,0.3
X360,Hitman: Blood Money,22.95,82,0.29
X360,Rockstar Games presents Table Tennis,9.95,81,0.28
Nintendo Wii,Trauma Center: Second Opinion,17.95,80,0.28
X360,Tenchu Z,14.95,56,0.28
Nintendo DS,Elite Beat Agents,9.95,87,0.27
Sony PSP,Street Fighter Alpha 3 MAX,14.95,80,0.27
X360,Blue Dragon,14.95,79,0.27
X360,The Lord of the Rings: The Battle for Middle Ea...,19.95,79,0.27
X360,Prey,14.95,79,0.27
Nintendo DS,Over the Hedge,16.95,71,0.26
Sony PSP,Capcom Classics Collection Reloaded,17.95,75,0.26
Sony PSP,FIFA Soccer 07,13.95,80,0.26
Sony PSP,Pirates of the Caribbean: Dead Man's Chest,14.95,52,0.26
X360,NHL 07 ,5.95,79,0.26
Sony PSP,Monster Hunter Freedom,12.95,71,0.25
X360,Chromehounds,14.95,71,0.25
X360,Test Drive Unlimited,17.95,82,0.25
Nintendo Wii,Dragon Ball Z: Budokai Tenkaichi 2,14.95,72,0.24
Nintendo DS,Dragon Quest Monsters: Joker,14.95,75,0.24
Nintendo DS,Pirates of the Caribbean: Dead Man's Chest,11.95,63,0.24
Sony PSP,NFL Street 3,14.95,68,0.24
Sony PSP,Syphon Filter: Dark Mirror,12.95,87,0.24
PlayStation 3,NBA 07,6.95,63,0.23
X360,FIFA World Cup: Germany 2006,14.95,72,0.23
PlayStation 3,Ridge Racer 7,19.95,78,0.23
X360,The Outfit,14.95,70,0.23
Nintendo Wii,Elebits,14.95,75,0.22
Nintendo DS,Tony Hawk's Downhill Jam,14.95,76,0.22
Sony PSP,The Sims 2: Pets,17.95,57,0.21
Sony PSP,Tiger Woods PGA Tour 07,12.95,78,0.21
X360,Disney/Pixar Cars,16.95,65,0.2
Sony PSP,Thrillville,14.95,72,0.2
X360,The Godfather: The Game,17.95,77,0.2
Nintendo Wii,Rampage: Total Destruction,16.95,46,0.19
X360,College Hoops 2K7,6.95,82,0.19
X360,Far Cry: Instincts - Predator,17.95,78,0.19
X360,Full Auto,16.95,70,0.19
Nintendo DS,Age of Empires: The Age of Kings,17.95,80,0.19
Nintendo DS,Need for Speed: Carbon - Own the City,14.95,70,0.19
Sony PSP,Brothers in Arms: D-Day,6.95,65,0.19
Sony PSP,Family Guy Video Game!,19.95,51,0.19
X360,Superman Returns,7.95,51,0.19
X360,Over G Fighters,17.95,49,0.18
X360,Final Fantasy XI Online,4.95,66,0.18
Nintendo DS,Mystery Dungeon: Shiren the Wanderer,17.95,69,0.17
Nintendo DS,Phoenix Wright: Ace Attorney - Justice for All,13.95,76,0.17
Sony PSP,Justice League Heroes,17.95,72,0.17
Sony PSP,Valhalla Knights,16.95,53,0.17
PlayStation 3,Genji: Days of the Blade,14.95,55,0.17
X360,Top Spin 2,12.95,75,0.16
Sony PSP,Field Commander,14.95,77,0.16
Nintendo DS,Children of Mana,16.95,65,0.16
Sony PSP,Valkyrie Profile: Lenneth,22.95,80,0.16
Nintendo DS,Brain Boost: Beta Wave,12.95,39,0.15
Nintendo DS,Brain Boost: Gamma Wave,13.95,40,0.15
Nintendo DS,Monster House,14.95,62,0.15
X360,Enchanted Arms,17.95,69,0.15
Sony PSP,NHL 07,12.95,76,0.14
Sony PSP,Bust-a-Move Deluxe,14.95,73,0.14
PlayStation 3,Full Auto 2: Battlelines,14.95,67,0.14
X360,Blitz: The League,14.95,69,0.14
X360,Star Trek Legacy,24.95,64,0.14
Nintendo DS,Eragon,16.95,63,0.14
Nintendo DS,Master of Illusion,14.95,69,0.14
Nintendo DS,Mega Man ZX,19.95,76,0.14
Sony PSP,Untold Legends: The Warrior's Code,14.95,65,0.14
Nintendo Wii,Super Swing Golf,16.95,72,0.14
X360,World Series of Poker: Tournament of Champions,14.95,69,0.14
X360,X-Men: The Official Game,14.95,52,0.14
PlayStation 3,Untold Legends: Dark Kingdom,16.95,58,0.13
Nintendo Wii,Happy Feet,14.95,46,0.13
Nintendo DS,Open Season,17.95,72,0.13
Sony PSP,Dungeon Siege: Throne of Agony,24.95,74,0.13
Sony PSP,LocoRoco,17.95,83,0.13
X360,Dead or Alive: Xtreme 2,14.95,53,0.13
X360,Fuzion Frenzy 2,14.95,49,0.12
X360,MotoGP '06,14.95,80,0.12
Sony PSP,Lumines II,14.95,81,0.12
Nintendo DS,Tamagotchi Connexion: Corner Shop,15.95,59,0.12
Sony PSP,Major League Baseball 2K6,4.95,69,0.12
Sony PSP,Star Wars: Lethal Alliance,17.95,61,0.12
Sony PSP,Worms: Open Warfare,17.95,70,0.12
Sony PSP,Eragon,14.95,59,0.11
Nintendo Wii,Metal Slug Anthology,16.95,73,0.11
X360,Open Season,14.95,59,0.11
Nintendo Wii,Tom Clancy's Splinter Cell: Double Agent,17.95,61,0.11
Sony PSP,Avatar: The Last Airbender,17.95,57,0.11
Sony PSP,FIFA World Cup: Germany 2006,17.95,72,0.11
Sony PSP,Lemmings,17.95,76,0.11
Sony PSP,Mega Man Powered Up,16.95,82,0.11
X360,College Hoops 2K6,6.95,70,0.11
X360,Dynasty Warriors 5: Empires,14.95,61,0.1
Nintendo DS,Magical Starsign,9.95,69,0.1
Nintendo DS,Resident Evil: Deadly Silence,17.95,71,0.1
Nintendo DS,X-Men: The Official Game,14.95,50,0.1
Sony PSP,NBA Ballers: Rebound,14.95,69,0.1
Sony PSP,World Series of Poker: Tournament of Champions,16.95,70,0.1
X360,Cabela's African Safari,17.95,53,0.1
X360,Cabela's Alaskan Adventures,17.95,48,0.1
PlayStation 3,Armored Core 4,19.95,65,0.09
X360,Eragon,12.95,48,0.09
Nintendo DS,LostMagic,14.95,68,0.09
Nintendo DS,Magnetica,17.95,68,0.09
Sony PSP,Def Jam Fight for NY: The Takeover,17.95,79,0.09
Sony PSP,NASCAR 07,24.95,66,0.09
Nintendo Wii,The Ant Bully,16.95,45,0.09
X360,Just Cause,16.95,73,0.09
X360,Onechanbara: Bikini Samurai Squad,19.95,39,0.09
X360,Phantasy Star Universe,24.95,64,0.09
X360,Project Sylpheed: Arc of Deception,14.95,64,0.09
X360,Winning Eleven: Pro Evolution Soccer 2007,11.95,80,0.08
Nintendo Wii,Kororinpa: Marble Mania,17.95,69,0.08
Nintendo DS,Charlotte's Web,14.95,60,0.08
Nintendo DS,Digimon World DS,27.95,49,0.08
Nintendo DS,Justice League Heroes,17.95,43,0.08
Sony PSP,Innocent Life: A Futuristic Harvest Moon,17.95,67,0.08
Sony PSP,Power Stone Collection,14.95,74,0.08
Sony PSP,EA Replay,14.95,56,0.07
Nintendo Wii,Open Season,17.95,49,0.07
X360,Samurai Warriors 2,14.95,52,0.07
Nintendo Wii,Disney/Pixar Cars,17.95,65,0.07
Nintendo Wii,Far Cry: Vengeance,16.95,38,0.07
X360,Import Tuner Challenge,17.95,54,0.07
Nintendo DS,Contact,14.95,73,0.07
Nintendo DS,Finding Nemo: Escape to the Big Blue,17.95,66,0.07
Nintendo DS,Touch Detective,14.95,60,0.07
Sony PSP,FIFA Street 2,17.95,58,0.07
Sony PSP,007: From Russia with Love,17.95,61,0.07
Sony PSP,PaRappa the Rapper,12.95,67,0.07
Sony PSP,Riviera: The Promised Land,17.95,68,0.07
Sony PSP,Samurai Warriors: State of War,17.95,64,0.07
Sony PSP,Viewtiful Joe: Red Hot Rumble,14.95,63,0.07
Nintendo Wii,Ice Age 2: The Meltdown,17.95,66,0.07
X360,Rumble Roses XX,17.95,62,0.06
Nintendo DS,Bionicle Heroes,16.95,72,0.06
Nintendo DS,Deep Labyrinth,10.95,57,0.06
Sony PSP,Blade Dancer: Lineage of Light,16.95,60,0.06
Sony PSP,Every Extend Extra,11.95,74,0.06
Sony PSP,Ultimate Ghosts 'N' Goblins,17.95,72,0.06
Sony PSP,Xiaolin Showdown,14.95,44,0.06
X360,Bionicle Heroes,14.95,59,0.06
X360,Bullet Witch,16.95,55,0.06
Sony PSP,Activision Hits Remixed,17.95,75,0.05
Sony PSP,Death Jr. II: Root of Evil,14.95,68,0.05
Nintendo DS,Alex Rider: Stormbreaker,12.95,48,0.05
Nintendo DS,Cartoon Network Racing,14.95,55,0.05
Nintendo DS,Guilty Gear: Dust Strikers,14.95,60,0.05
Nintendo DS,Gunpey DS,12.95,70,0.05
Nintendo DS,March of the Penguins,7.95,34,0.05
Nintendo DS,Lara Croft Tomb Raider: Legend,17.95,58,0.05
Nintendo DS,Worms: Open Warfare,17.95,64,0.05
Sony PSP,Mercury Meltdown,12.95,78,0.05
Sony PSP,MTX Mototrax,19.95,67,0.05
Sony PSP,Snoopy vs. the Red Baron,17.95,76,0.05
Sony PSP,Super Monkey Ball Adventure,24.95,56,0.05
Sony PSP,Ys VI: The Ark of Napishtim,16.95,64,0.05
Nintendo Wii,World Series of Poker: Tournament of Champions,24.95,46,0.05
Nintendo DS,Bomberman Land Touch!,24.95,78,0.04
Nintendo DS,Lionel Trains on Track,13.95,47,0.04
Nintendo DS,Point Blank DS,17.95,66,0.04
Nintendo DS,Scurge: Hive,8.95,70,0.04
Nintendo DS,Star Trek: Tactical Assault,17.95,63,0.04
Nintendo DS,Tao's Adventure: Curse of the Demon Seal,14.95,50,0.04
Sony PSP,Ford Bold Moves Street Racing,17.95,52,0.04
Sony PSP,Gitaroo Man Lives!,22.95,80,0.04
Sony PSP,Gradius Collection,17.95,76,0.04
Sony PSP,The Legend of Heroes II: Prophecy of the Moonli...,17.95,63,0.04
Sony PSP,Pac-Man World Rally,17.95,51,0.04
X360,Bomberman: Act Zero,12.95,34,0.04
Sony PSP,Taito Legends: Power-Up,16.95,61,0.03
Nintendo Wii,Wing Island,19.95,47,0.03
X360,Earth Defense Force 2017,17.95,69,0.03
X360,WarTech: Senko no Ronde,12.95,60,0.03
Nintendo DS,MechAssault: Phantom War,12.95,66,0.03
Sony PSP,Astonishia Story,16.95,48,0.03
Sony PSP,B-Boy,17.95,50,0.03
Sony PSP,BattleZone,14.95,57,0.03
Sony PSP,Bounty Hounds,17.95,63,0.03
Sony PSP,Bubble Bobble Evolution,12.95,47,0.03
Sony PSP,MotoGP,32.95,69,0.03
Sony PSP,OutRun 2006: Coast 2 Coast,17.95,82,0.03
Sony PSP,Stacked with Daniel Negreanu,16.95,63,0.03
Sony PSP,Street Supremacy,7.95,41,0.03
Sony PSP,Warhammer: Battle for Atluma,17.95,55,0.03
Sony PSP,Online Chess Kingdoms,12.95,60,0.02
Nintendo DS,Freedom Wings,14.95,46,0.02
Nintendo DS,Konductra,19.95,60,0.02
Nintendo DS,SBK: Snowboard Kids,19.95,63,0.02
Nintendo DS,Tenchu: Dark Secret,14.95,37,0.02
Sony PSP,Dungeon Maker: Hunting Ground,14.95,70,0.02
Sony PSP,Metal Gear Solid: Digital Graphic Novel,17.95,78,0.02
Sony PSP,Payout Poker & Casino,17.95,54,0.02
Sony PSP,Rengoku 2: Stairway to H.E.A.V.E.N.,9.95,51,0.02
Sony PSP,Star Trek: Tactical Assault,17.95,64,0.02
Sony PSP,Micro Machines V4,17.95,61,0.01
Sony PSP,Platypus,14.95,59,0.01
Nintendo DS,Custom Robo Arena,17.95,74,0.01
Nintendo DS,Monster Bomber,13.95,55,0.01
Sony PSP,Gurumin: A Monstrous Adventure,13.95,78,0.01
Sony PSP,Pocket Racers,12.95,39,0.01
Sony PSP,Spider-Man 3,6.95,58,0.01
Nintendo Wii,Wii Fit,24.95,80,9.6
X360,Halo 3,24.95,94,8.03
X360,Call of Duty 4: Modern Warfare,29.95,94,5.77
Nintendo Wii,Super Mario Galaxy,39.95,97,4.94
Nintendo DS,Mario Party DS,27.95,72,4.34
Nintendo Wii,Mario Party 8,39.95,62,3.84
X360,Guitar Hero III: Legends of Rock,12.95,85,3.28
Nintendo Wii,Link's Crossbow Training,14.95,68,3.2
Nintendo Wii,Guitar Hero III: Legends of Rock,49.95,86,3.19
X360,Assassin's Creed,16.95,81,3.17
Nintendo Wii,LEGO Star Wars: The Complete Saga,17.95,80,3.03
PlayStation 3,Call of Duty 4: Modern Warfare,24.95,94,2.91
Nintendo Wii,Mario & Sonic at the Olympic Games,29.95,67,2.74
Nintendo DS,LEGO Star Wars: The Complete Saga,17.95,80,2.66
X360,Forza Motorsport 2,12.95,90,2.48
X360,Madden NFL 08,9.95,85,2.32
X360,Guitar Hero II,17.95,92,2.04
X360,Rock Band,14.95,92,2.02
Nintendo DS,The Legend of Zelda: Phantom Hourglass,24.95,90,1.92
Nintendo DS,Pok�mon Mystery Dungeon: Explorers of Darkness,15.95,59,1.91
Nintendo DS,Pok�mon Mystery Dungeon: Explorers of Time,24.95,59,1.91
PlayStation 3,Assassin's Creed,17.95,81,1.77
PlayStation 3,Uncharted: Drake's Fortune,24.95,88,1.76
X360,Mass Effect,17.95,91,1.57
Nintendo DS,Cooking Mama 2: Dinner with Friends,17.95,70,1.56
X360,BioShock,16.95,96,1.52
Nintendo Wii,Super Paper Mario,29.95,85,1.5
Nintendo Wii,Game Party,14.95,25,1.49
Sony PSP,Ratchet & Clank: Size Matters,14.95,85,1.47
Nintendo Wii,Dance Dance Revolution Hottest Party,17.95,73,1.45
PlayStation 3,Guitar Hero III: Legends of Rock,32.95,83,1.43
Nintendo Wii,Cooking Mama: Cook Off,14.95,61,1.38
PlayStation 3,Gran Turismo 5: Prologue,24.95,80,1.31
Nintendo DS,Professor Layton and the Curious Village,23.95,85,1.26
Nintendo Wii,Resident Evil 4,16.95,91,1.24
PlayStation 3,The Elder Scrolls IV: Oblivion,17.95,93,1.2
Nintendo DS,Transformers: Autobots,17.95,67,1.17
Nintendo DS,Transformers: Decepticons,17.95,66,1.17
Nintendo Wii,High School Musical: Sing It!,19.95,64,1.16
Nintendo DS,Diddy Kong Racing DS,24.95,63,1.16
Nintendo DS,High School Musical: Makin' the Cut,10.95,66,1.13
Nintendo Wii,Big Brain Academy: Wii Degree,19.95,68,1.1
X360,Need for Speed: ProStreet,16.95,72,1.1
Nintendo DS,Deal or No Deal,11.95,20,1.1
X360,LEGO Star Wars: The Complete Saga,17.95,80,1.09
Nintendo Wii,Sonic and the Secret Rings,16.95,69,1.08
X360,The Orange Box,17.95,96,1.06
X360,Crackdown,14.95,83,1.02
PlayStation 3,Rock Band,14.95,92,1.01
Nintendo Wii,Tiger Woods PGA Tour 08,17.95,72,1
X360,WWE Smackdown vs. Raw 2008,12.95,71,0.96
PlayStation 3,Madden NFL 08,9.95,81,0.94
Nintendo DS,Call of Duty 4: Modern Warfare,19.95,75,0.94
Nintendo Wii,MySims,17.95,68,0.94
Nintendo Wii,Mario Strikers Charged,29.95,79,0.93
Sony PSP,Star Wars Battlefront: Renegade Squadron,16.95,73,0.93
Nintendo DS,Flash Focus: Vision Training in Minutes a Day,17.95,59,0.91
Nintendo Wii,Metroid Prime 3: Corruption,19.95,90,0.91
Nintendo Wii,AMF Bowling Pinbusters!,9.95,33,0.89
X360,Tom Clancy's Ghost Recon: Advanced Warfighter 2...,14.95,86,0.89
Nintendo Wii,Madden NFL 08,12.95,76,0.86
PlayStation 3,Ratchet & Clank Future: Tools of Destruction,22.95,89,0.86
PlayStation 3,LEGO Star Wars: The Complete Saga,17.95,80,0.85
Nintendo Wii,Rayman Raving Rabbids 2,17.95,67,0.84
X360,NBA 2K8 ,9.95,81,0.83
Nintendo DS,Namco Museum DS,17.95,67,0.8
PlayStation 3,Need for Speed: ProStreet,16.95,73,0.75
Nintendo Wii,Blazing Angels: Squadrons of WWII,16.95,57,0.75
Nintendo DS,Drawn to Life,17.95,73,0.75
Nintendo Wii,EA Playground,17.95,66,0.72
X360,Major League Baseball 2K7,9.95,79,0.7
Nintendo DS,I Spy Fun House,17.95,53,0.7
Nintendo Wii,Resident Evil: The Umbrella Chronicles,19.95,75,0.69
X360,NCAA Football 08,9.95,81,0.68
Nintendo DS,Spectrobes,14.95,63,0.68
Nintendo DS,Disney/Pixar Cars: Mater-National Championship,17.95,69,0.67
Nintendo DS,The Sims 2: Castaway,16.95,66,0.66
X360,skate.,16.95,86,0.65
PlayStation 3,WWE Smackdown vs. Raw 2008,14.95,74,0.64
Sony PSP,Madden NFL 08,9.95,75,0.64
PlayStation 3,NBA Live 08,9.95,73,0.6
Nintendo DS,The Simpsons Game,17.95,69,0.6
X360,Ace Combat 6: Fires of Liberation,19.95,80,0.58
PlayStation 3,Heavenly Sword,24.95,79,0.57
PlayStation 3,Ninja Gaiden Sigma,19.95,88,0.57
Nintendo Wii,Ben 10: Protector of the Earth,16.95,63,0.57
X360,The Simpsons Game,17.95,71,0.55
Nintendo DS,CrossworDS,17.95,67,0.53
Nintendo DS,Sonic Rush Adventure,24.95,78,0.52
X360,Tiger Woods PGA Tour 08,14.95,80,0.51
X360,Tony Hawk's Proving Ground,16.95,72,0.51
Sony PSP,Call of Duty: Roads to Victory,24.95,64,0.51
X360,Transformers: The Game,14.95,52,0.51
PlayStation 3,NBA 2K8,9.95,81,0.5
Sony PSP,Medal of Honor: Heroes 2,17.95,69,0.5
Nintendo Wii,Smarty Pants,17.95,65,0.5
X360,Spider-Man 3,11.95,63,0.5
PlayStation 3,Tom Clancy's Rainbow Six: Vegas,16.95,86,0.49
Nintendo Wii,Need for Speed: ProStreet,16.95,61,0.49
X360,NBA LIVE 08 ,9.95,73,0.49
X360,Dance Dance Revolution Universe 2,19.95,65,0.48
X360,MX vs. ATV Untamed,17.95,70,0.48
Nintendo DS,Final Fantasy IV,17.95,85,0.48
PlayStation 3,WWE Smackdown vs. Raw 2009,19.95,74,0.48
X360,NBA Street Homecourt,7.95,80,0.47
Nintendo Wii,The Simpsons Game,17.95,64,0.47
Nintendo Wii,Winter Sports: The Ultimate Challenge,16.95,52,0.47
Sony PSP,WWE Smackdown vs. Raw 2008,16.95,68,0.46
PlayStation 3,Warhawk,34.95,84,0.46
Nintendo Wii,Tiger Woods PGA Tour 07,17.95,71,0.46
X360,"Scene It? Lights, Camera, Action",22.95,73,0.46
Nintendo DS,Crash of the Titans,17.95,73,0.46
Sony PSP,Sonic Rivals 2,22.95,60,0.46
Nintendo Wii,Boogie,17.95,57,0.45
X360,Medal of Honor: Airborne,17.95,73,0.45
Nintendo Wii,The Sims 2: Castaway,17.95,73,0.45
Nintendo Wii,Spider-Man 3,14.95,53,0.45
X360,Lost Odyssey,19.95,78,0.45
Nintendo DS,Bee Movie Game,17.95,58,0.44
Nintendo DS,Spider-Man 3,16.95,79,0.44
Sony PSP,Final Fantasy Tactics,17.95,88,0.44
Nintendo Wii,Endless Ocean,24.95,72,0.44
PlayStation 3,SingStar,14.95,82,0.43
Nintendo Wii,Ratatouille,19.95,62,0.43
Nintendo Wii,The Sims 2: Pets,22.95,65,0.43
X360,Two Worlds,14.95,50,0.43
Nintendo Wii,Crash of the Titans,17.95,69,0.42
X360,Sonic the Hedgehog,14.95,46,0.41
Nintendo DS,Mega Man Star Force: Dragon,27.95,60,0.41
Nintendo DS,Mega Man Star Force: Leo,17.95,58,0.41
Nintendo DS,Mega Man Star Force: Pegasus,14.95,60,0.41
PlayStation 3,Disney/Pixar Cars: Mater-National Championship,24.95,63,0.4
PlayStation 3,Sonic the Hedgehog,16.95,43,0.4
Nintendo Wii,Harry Potter and the Order of the Phoenix,24.95,69,0.4
Nintendo Wii,Nicktoons: Attack of the Toybots,14.95,60,0.4
Nintendo Wii,WWE Smackdown vs. Raw 2008,12.95,59,0.39
PlayStation 3,The Simpsons Game,17.95,71,0.39
X360,DiRT,17.95,83,0.39
X360,Kane & Lynch: Dead Men,14.95,65,0.38
Nintendo DS,Jam Sessions,8.95,72,0.38
Sony PSP,Monster Hunter Freedom 2,12.95,72,0.38
X360,Shadowrun,12.95,66,0.38
PlayStation 3,FIFA Soccer 08,17.95,81,0.37
Nintendo Wii,Thrillville: Off the Rails,16.95,70,0.37
PlayStation 3,Tony Hawk's Proving Ground,12.95,73,0.37
Nintendo DS,My Word Coach,15.95,71,0.37
Nintendo DS,The World Ends With You,17.95,88,0.37
Nintendo Wii,The BIGS,17.95,66,0.36
PlayStation 3,NCAA Football 08,9.95,77,0.36
Nintendo DS,Final Fantasy Tactics A2: Grimoire of the Rift,17.95,80,0.36
X360,Beowulf: The Game,12.95,51,0.36
X360,The Darkness,14.95,82,0.36
PlayStation 3,Tom Clancy's Ghost Recon: Advanced Warfighter 2...,17.95,84,0.35
Sony PSP,Final Fantasy,17.95,67,0.35
PlayStation 3,Lair,19.95,53,0.35
Nintendo Wii,Transformers: The Game,17.95,53,0.35
X360,Command & Conquer 3: Tiberium Wars,24.95,82,0.35
X360,Overlord,17.95,76,0.35
Nintendo Wii,FIFA Soccer 08,16.95,65,0.34
Nintendo DS,Diner Dash,17.95,64,0.34
Nintendo Wii,Medal of Honor: Heroes 2,19.95,73,0.34
X360,FIFA Soccer 08,12.95,82,0.33
PlayStation 3,MX vs. ATV Untamed,17.95,67,0.33
PlayStation 3,Time Crisis 4,24.95,60,0.33
Nintendo Wii,Dragon Ball Z: Budokai Tenkaichi 3,17.95,72,0.33
Nintendo DS,Final Fantasy XII: Revenant Wings,19.95,81,0.33
Sony PSP,SOCOM: U.S. Navy SEALs - Tactical Strike,14.95,72,0.33
PlayStation 3,Unreal Tournament III,16.95,86,0.33
Nintendo Wii,Bee Movie Game,14.95,62,0.32
X360,Def Jam: Icon,17.95,69,0.32
PlayStation 3,Transformers: The Game,17.95,54,0.32
X360,TimeShift,12.95,70,0.32
Nintendo Wii,SSX Blur,17.95,74,0.31
Nintendo DS,Bleach: The Blade of Fate,17.95,83,0.31
Nintendo DS,EA Playground,11.95,60,0.31
Sony PSP,Final Fantasy II,17.95,63,0.31
PlayStation 3,skate.,17.95,85,0.3
PlayStation 3,The Eye of Judgment,12.95,75,0.3
PlayStation 3,MLB 07: The Show,9.95,77,0.3
PlayStation 3,Virtua Fighter 5,14.95,85,0.3
Nintendo Wii,NiGHTS: Journey of Dreams,14.95,69,0.3
Nintendo DS,Puzzle Quest: Challenge of the Warlords,17.95,82,0.3
Sony PSP,NBA Live 08,14.95,73,0.3
PlayStation 3,Kane & Lynch: Dead Men,19.95,64,0.29
X360,Crash of the Titans,17.95,65,0.29
Nintendo DS,Harry Potter and the Order of the Phoenix,17.95,51,0.29
Nintendo DS,SimCity DS,14.95,69,0.29
Nintendo DS,Wario: Master of Disguise,14.95,60,0.29
Nintendo Wii,My Horse & Me,17.95,49,0.29
Nintendo Wii,No More Heroes,17.95,83,0.29
X360,BlackSite: Area 51,17.95,62,0.29
X360,Shrek the Third,14.95,56,0.28
Nintendo DS,Shrek the Third,16.95,70,0.28
Nintendo DS,Surf's Up,14.95,56,0.28
Sony PSP,MLB 07: The Show,9.95,82,0.28
X360,TMNT,19.95,58,0.28
X360,Spider-Man: Friend or Foe,17.95,60,0.27
Nintendo DS,Contra 4,17.95,83,0.27
Nintendo DS,Phoenix Wright: Ace Attorney - Trials and Tribu...,17.95,81,0.27
Nintendo DS,Disney Pirates of the Caribbean: At World's End,14.95,66,0.27
Sony PSP,Dragon Ball Z: Shin Budokai - Another Road,16.95,65,0.27
Sony PSP,Metal Gear Solid: Portable Ops + Coded Arms (Double Pack),16.95,65,0.27
PlayStation 3,Spider-Man 3,17.95,60,0.27
X360,The Golden Compass,9.95,41,0.27
X360,Stuntman: Ignition,14.95,75,0.26
Nintendo Wii,Chicken Shoot,12.95,27,0.26
Nintendo Wii,Shrek the Third,16.95,57,0.26
Nintendo DS,DK: Jungle Climber,24.95,77,0.26
Nintendo DS,Dragon Quest IV: Chapters of the Chosen,24.95,80,0.26
Sony PSP,300: March to Glory,14.95,55,0.26
Nintendo Wii,Fire Emblem: Radiant Dawn,34.95,78,0.26
Nintendo Wii,The Golden Compass,14.95,35,0.26
Nintendo Wii,Manhunt 2,19.95,62,0.26
X360,NASCAR 08,12.95,59,0.25
PlayStation 3,Virtua Tennis 3,19.95,80,0.24
X360,All-Pro Football 2K8,7.95,75,0.24
PlayStation 3,Major League Baseball 2K7,7.95,74,0.24
Nintendo DS,John Deere: Harvest in the Heartland,17.95,43,0.24
Sony PSP,The Warriors,17.95,52,0.24
Sony PSP,Ghost Rider,16.95,49,0.23
Nintendo Wii,Tony Hawk's Proving Ground,16.95,57,0.23
X360,Juiced 2: Hot Import Nights,14.95,68,0.23
Nintendo DS,Juiced 2: Hot Import Nights,13.95,72,0.23
Sony PSP,The Simpsons Game,16.95,59,0.23
Sony PSP,Syphon Filter: Logan's Shadow,16.95,85,0.23
PlayStation 3,Tiger Woods PGA Tour 08,12.95,79,0.22
X360,Ratatouille,16.95,56,0.22
Nintendo Wii,Trauma Center: New Blood,17.95,77,0.22
Nintendo DS,Hotel Dusk: Room 215,14.95,78,0.22
Nintendo DS,Mega Man ZX Advent,17.95,78,0.22
Sony PSP,FIFA Soccer 08,14.95,79,0.22
Sony PSP,Silent Hill: 0rigins,17.95,78,0.22
X360,Harry Potter and the Order of the Phoenix,16.95,68,0.22
X360,NHL 08 ,9.95,85,0.22
Sony PSP,Castlevania: The Dracula X Chronicles,16.95,80,0.21
Nintendo DS,Tony Hawk's Proving Ground,13.95,39,0.21
Sony PSP,Jeanne d'Arc,19.95,87,0.21
Nintendo Wii,BWii: Battalion Wars 2,14.95,75,0.21
X360,Battlestations: Midway,17.95,73,0.21
Nintendo DS,Dragon Ball Z: Harukanaru Densetsu,14.95,57,0.2
Nintendo DS,Touch the Dead,16.95,56,0.2
PlayStation 3,The Darkness,14.95,80,0.2
Nintendo Wii,Donkey Kong Barrel Blast,29.95,46,0.19
X360,The BIGS,12.95,79,0.19
X360,Armored Core 4,17.95,65,0.19
Nintendo DS,Etrian Odyssey,24.95,75,0.19
Sony PSP,Ben 10: Protector of the Earth,16.95,60,0.19
PlayStation 3,Tom Clancy's Splinter Cell: Double Agent,22.95,78,0.19
Nintendo Wii,Looney Tunes: Acme Arsenal,14.95,27,0.19
Nintendo Wii,Zack & Wiki: Quest for Barbaros' Treasure,17.95,87,0.19
X360,Monster Jam,17.95,43,0.18
X360,Virtua Fighter 5,17.95,89,0.18
Nintendo DS,Lunar Knights,16.95,82,0.18
PlayStation 3,Enchanted Arms,17.95,64,0.18
PlayStation 3,F.E.A.R.: First Encounter Assault Recon,17.95,72,0.18
PlayStation 3,Folklore,24.95,75,0.18
PlayStation 3,Juiced 2: Hot Import Nights,17.95,71,0.18
X360,The Elder Scrolls IV: Shivering Isles,24.95,86,0.18
X360,Final Fantasy XI: Wings of the Goddess,13.95,63,0.18
PlayStation 3,NHL 08,9.95,86,0.17
X360,NCAA 07 March Madness,7.95,67,0.17
X360,Rayman Raving Rabbids,16.95,67,0.17
X360,Viva Pi�ata: Party Animals,14.95,56,0.17
X360,Warriors Orochi,19.95,53,0.17
Nintendo DS,Luminous Arc,24.95,70,0.17
Nintendo DS,Picross DS,17.95,83,0.17
PlayStation 3,Harry Potter and the Order of the Phoenix,17.95,67,0.17
PlayStation 3,College Hoops 2K7,6.95,81,0.16
PlayStation 3,The BIGS,22.95,80,0.16
PlayStation 3,Stuntman: Ignition,16.95,76,0.16
Nintendo Wii,Mortal Kombat: Armageddon,24.95,71,0.16
PlayStation 3,Def Jam: Icon,16.95,68,0.16
Nintendo Wii,Soulcalibur Legends,16.95,52,0.16
Nintendo Wii,Surf's Up,16.95,64,0.16
Nintendo DS,"Left Brain, Right Brain",16.95,50,0.16
Nintendo DS,Planet Puzzle League,17.95,86,0.16
PlayStation 3,DiRT,17.95,83,0.16
Nintendo Wii,TMNT,17.95,60,0.16
X360,Soldier of Fortune: Payback,13.95,50,0.16
PlayStation 3,Dynasty Warriors: Gundam,22.95,60,0.15
PlayStation 3,Disney Pirates of the Caribbean: At World's End,14.95,55,0.15
X360,Bee Movie Game,12.95,71,0.15
X360,Dynasty Warriors: Gundam,22.95,55,0.15
X360,Golden Axe,14.95,45,0.15
Nintendo DS,Dementium: The Ward,17.95,72,0.15
Nintendo DS,Rondo of Swords,19.95,69,0.15
Sony PSP,Disgaea: Afternoon of Darkness,17.95,87,0.15
PlayStation 3,NASCAR 08,14.95,57,0.15
Nintendo Wii,Dragon Quest Swords: The Masked Queen and the T...,16.95,65,0.15
X360,Call of Juarez,14.95,71,0.15
X360,College Hoops 2K8,9.95,81,0.15
X360,Eternal Sonata,27.95,79,0.15
X360,Kingdom Under Fire: Circle of Doom,14.95,55,0.15
X360,Vampire Rain,11.95,38,0.15
PlayStation 3,All-Pro Football 2K8,9.95,73,0.14
Nintendo Wii,Mercury Meltdown,12.95,77,0.14
X360,Disney/Pixar Cars: Mater-National Championship,17.95,58,0.14
Sony PSP,Hard Rock Casino,17.95,44,0.14
PlayStation 3,Conan,17.95,69,0.14
Nintendo Wii,Cranium Kabookii,17.95,64,0.14
Nintendo Wii,The Godfather: Blackhand Edition,22.95,77,0.14
Nintendo Wii,Godzilla: Unleashed,24.95,44,0.14
Nintendo Wii,NBA Live 08,14.95,52,0.14
X360,Conan,14.95,69,0.14
Nintendo Wii,Spider-Man: Friend or Foe,17.95,59,0.13
PlayStation 3,College Hoops 2K8,12.95,82,0.12
PlayStation 3,NBA 08,9.95,63,0.12
X360,Thrillville: Off the Rails,17.95,73,0.12
Nintendo DS,Geometry Wars: Galaxies,14.95,79,0.12
Nintendo DS,Rayman Raving Rabbids,17.95,56,0.12
Nintendo DS,WordJong,17.95,77,0.12
Sony PSP,"Warhammer 40,000: Squad Command",17.95,67,0.12
PlayStation 3,Beowulf: The Game,12.95,51,0.12
PlayStation 3,The Golden Compass,12.95,40,0.12
Nintendo Wii,Scarface: The World is Yours,22.95,71,0.12
X360,Hot Wheels: Beat That!,19.95,43,0.12
X360,NHL 2K8 ,6.95,71,0.12
PlayStation 3,NBA Street Homecourt,14.95,81,0.11
Nintendo Wii,Geometry Wars: Galaxies,16.95,80,0.11
Nintendo DS,Final Fantasy: Crystal Chronicles - Echoes of Time,24.95,75,0.11
Nintendo DS,Godzilla Unleashed: Double Smash,17.95,28,0.11
Nintendo DS,MX vs. ATV Untamed,17.95,61,0.11
Nintendo DS,WWE SmackDown vs. Raw 2008,14.95,61,0.11
Sony PSP,The BIGS,16.95,72,0.11
Sony PSP,Brave Story: New Traveler,17.95,76,0.11
Sony PSP,WipEout Pulse,16.95,82,0.11
PlayStation 3,TimeShift,16.95,70,0.11
Nintendo Wii,Star Trek: Conquest,27.95,49,0.11
X360,Beautiful Katamari,17.95,73,0.11
X360,Hour of Victory,12.95,37,0.11
PlayStation 3,Fantastic Four: Rise of the Silver Surfer,14.95,47,0.1
X360,SEGA Rally Revo,14.95,77,0.1
Nintendo DS,7 Wonders of the Ancient World,17.95,60,0.1
Nintendo DS,Arctic Tale,11.95,38,0.1
Nintendo DS,Draglade,16.95,71,0.1
Nintendo DS,Final Fantasy Fables: Chocobo Tales,17.95,75,0.1
Nintendo DS,Marvel Trading Card Game,16.95,61,0.1
Sony PSP,Crazy Taxi: Fare Wars,17.95,64,0.1
Sony PSP,Diner Dash: Sizzle & Serve,17.95,55,0.1
Sony PSP,The Golden Compass,14.95,28,0.1
Sony PSP,Harry Potter and the Order of the Phoenix,16.95,52,0.1
Sony PSP,Hot Wheels: Ultimate Racing,17.95,60,0.1
PlayStation 3,Bladestorm: The Hundred Years' War,44.95,58,0.1
X360,Surf's Up,17.95,61,0.09
Nintendo DS,Uno / Skip-Bo / Uno Freefall,17.95,59,0.09
X360,Blazing Angels 2: Secret Missions of WWII,16.95,72,0.09
Nintendo DS,InuYasha: Secret of the Divine Jewel,24.95,46,0.09
Nintendo DS,The Settlers,17.95,39,0.09
Sony PSP,Shrek the Third,22.95,57,0.09
PlayStation 3,Ratatouille,17.95,55,0.09
PlayStation 3,Soldier of Fortune: Payback,14.95,50,0.09
Nintendo Wii,Heatseeker,17.95,62,0.09
PlayStation 3,NHL 2K8,9.95,74,0.08
PlayStation 3,NCAA March Madness 08,12.95,67,0.08
X360,Fantastic Four: Rise of the Silver Surfer,14.95,45,0.08
X360,Monster Madness: Battle for Suburbia,14.95,55,0.08
X360,Pro Evolution Soccer 2008,14.95,76,0.08
PlayStation 3,Blazing Angels 2: Secret Missions of WWII,22.95,70,0.08
Nintendo DS,Cake Mania,16.95,55,0.08
Nintendo DS,River King: Mystic Valley,24.95,54,0.08
Nintendo DS,Touch Detective 2 1/2,14.95,67,0.08
Sony PSP,7 Wonders of the Ancient World,17.95,51,0.08
Sony PSP,Brooktown High,16.95,51,0.08
Sony PSP,Crush,16.95,83,0.08
Sony PSP,Jackass: The Game,17.95,58,0.08
Sony PSP,The Sims 2: Castaway,17.95,64,0.08
Sony PSP,Test Drive Unlimited,17.95,80,0.08
Sony PSP,Thrillville: Off the Rails,16.95,72,0.08
Nintendo Wii,Victorious Boxers: Revolution,24.95,59,0.08
X360,Bladestorm: The Hundred Years' War,34.95,63,0.08
X360,Looney Tunes: Acme Arsenal,17.95,40,0.07
PlayStation 3,SEGA Rally Revo,16.95,75,0.07
Nintendo DS,Death Jr. and the Science Fair of Doom,12.95,47,0.07
Nintendo DS,Glory Days 2,10.95,73,0.07
Nintendo DS,Indianapolis 500 Legends,16.95,51,0.07
Nintendo DS,Jenga World Tour,13.95,32,0.07
Nintendo DS,Operation: Vietnam,17.95,65,0.07
Nintendo DS,Worms: Open Warfare 2,17.95,81,0.07
Sony PSP,Alien Syndrome,12.95,51,0.07
PlayStation 3,BlackSite: Area 51,17.95,56,0.07
Nintendo Wii,Code Lyoko: Quest for Infinity,17.95,58,0.07
Nintendo Wii,Super Swing Golf Season 2,19.95,70,0.07
X360,CSI: Crime Scene Investigation - Hard Evidence,19.95,48,0.07
X360,FlatOut: Ultimate Carnage,16.95,80,0.07
X360,Zoids Assault,17.95,46,0.07
Nintendo Wii,Alien Syndrome,12.95,48,0.06
X360,Tetris Evolution,17.95,52,0.06
Nintendo Wii,Showtime Championship Boxing,12.95,35,0.06
Nintendo DS,Heroes of Mana,24.95,66,0.06
Nintendo DS,Myst,24.95,43,0.06
Sony PSP,Coded Arms: Contagion,14.95,56,0.06
Nintendo Wii,King of Clubs,14.95,35,0.06
X360,F.E.A.R. Files,17.95,66,0.06
Nintendo DS,Ontamarama,17.95,71,0.05
Nintendo DS,Pony Friends,17.95,67,0.05
Nintendo DS,Retro Game Challenge,17.95,77,0.05
Nintendo DS,Ultimate Mortal Kombat 3,23.95,73,0.05
Nintendo DS,"Warhammer 40,000: Squad Command",17.95,57,0.05
Sony PSP,Juiced 2: Hot Import Nights,16.95,73,0.05
Sony PSP,Pursuit Force: Extreme Justice,14.95,73,0.05
Nintendo Wii,Jenga World Tour,16.95,26,0.05
Nintendo Wii,Medal of Honor: Vanguard,17.95,56,0.05
X360,World Series of Poker 2008: Battle for the Brac...,19.95,74,0.05
PlayStation 3,Pro Evolution Soccer 2008,17.95,74,0.04
Sony PSP,Worms: Open Warfare 2,17.95,80,0.04
PlayStation 3,Surf's Up,17.95,59,0.04
Nintendo Wii,Fantastic Four: Rise of the Silver Surfer,12.95,39,0.04
Nintendo DS,Brothers in Arms DS,17.95,72,0.04
Nintendo DS,Bubble Bobble Double Shot,17.95,50,0.04
Nintendo DS,Fantastic Four: Rise of the Silver Surfer,14.95,35,0.04
Nintendo DS,Showtime Championship Boxing,7.95,33,0.04
Nintendo DS,Zendoku,16.95,68,0.04
Sony PSP,Heatseeker,12.95,49,0.04
Sony PSP,Manhunt 2,7.95,69,0.04
Sony PSP,SWAT: Target Liberty,12.95,50,0.04
Nintendo Wii,Anubis II,9.95,19,0.04
Nintendo Wii,Barnyard,17.95,65,0.04
Nintendo Wii,Escape from Bug Island,14.95,37,0.04
Nintendo Wii,Octomania,14.95,66,0.04
X360,Cabela's Big Game Hunter,19.95,51,0.04
X360,UEFA Champions League 2006-2007,6.95,72,0.03
Sony PSP,Aliens Vs Predator: Requiem,17.95,49,0.03
Sony PSP,NBA 08,7.95,75,0.03
Nintendo Wii,Guilty Gear XX ? Core,24.95,75,0.03
Nintendo DS,Arkanoid DS,16.95,61,0.03
Nintendo DS,Battleship / Connect Four / Sorry! / Trouble,17.95,55,0.03
Nintendo DS,Code Lyoko,11.95,63,0.03
Nintendo DS,Drake & Josh: Talent Showdown,15.95,43,0.03
Nintendo DS,Dynasty Warriors DS: Fighter's Battle,14.95,56,0.03
Nintendo DS,Orcs & Elves,14.95,68,0.03
Nintendo DS,Prism: Light the Way,16.95,73,0.03
Sony PSP,Dead Head Fred,12.95,75,0.03
Sony PSP,Driver '76,17.95,57,0.03
Sony PSP,Hot Pixel,8.95,55,0.03
Sony PSP,The Legend of Heroes III: Song of the Ocean,17.95,58,0.03
Sony PSP,SEGA Rally Revo,16.95,74,0.03
Nintendo Wii,Bionicle Heroes,17.95,52,0.03
Sony PSP,Burnout Dominator,17.95,76,0.02
Nintendo Wii,Balls of Fury,9.95,19,0.02
X360,Samurai Warriors 2: Empires,19.95,53,0.02
Nintendo DS,B-17: Fortress in the Sky,12.95,38,0.02
Nintendo DS,Meteos: Disney Magic,12.95,74,0.02
Nintendo DS,Turn It Around,9.95,39,0.02
Sony PSP,Cube,17.95,60,0.02
Sony PSP,Dragoneer's Aria,24.95,56,0.02
Sony PSP,The Fast and the Furious,22.95,58,0.02
Sony PSP,R-Type Command,14.95,69,0.02
Sony PSP,Virtua Tennis 3,16.95,79,0.02
X360,Virtua Tennis 3,14.95,80,0.01
Nintendo DS,Balls of Fury,9.95,62,0.01
Nintendo DS,Front Mission,17.95,72,0.01
Nintendo DS,Konami Classics Series: Arcade Hits,17.95,76,0.01
Nintendo DS,Lost in Blue 2,17.95,58,0.01
Nintendo DS,Nancy Drew: The Deadly Secret of Olde World Park,17.95,64,0.01
Nintendo DS,Nervous Brickdown,17.95,70,0.01
Nintendo DS,Original Frisbee Disc Sports: Ultimate & Golf,9.95,31,0.01
Nintendo DS,Sea Monsters: A Prehistoric Adventure,13.95,43,0.01
Sony PSP,After Burner: Black Falcon,19.95,73,0.01
Sony PSP,Capcom Puzzle World,19.95,65,0.01
Sony PSP,Puzzle Quest: Challenge of the Warlords,17.95,84,0.01
Sony PSP,Smash Court Tennis 3,19.95,68,0.01
Sony PSP,Traxxpad: Portable Studio,17.95,78,0.01
Sony PSP,UEFA Champions League 2006-2007,14.95,71,0.01
Sony PSP,Winx Club: Join the Club,17.95,30,0.01
Nintendo Wii,Driver: Parallel Lines,24.95,59,0.01
Nintendo Wii,Mario Kart Wii,29.95,82,12.39
X360,Grand Theft Auto IV,24.95,98,5.76
Nintendo Wii,Super Smash Bros.: Brawl,39.95,93,5.71
X360,Call of Duty: World at War,29.95,84,4.58
PlayStation 3,Grand Theft Auto IV,24.95,98,3.91
X360,Gears of War 2,24.95,93,3.9
Nintendo DS,Pok�mon: Platinum Version,27.95,83,2.86
PlayStation 3,Metal Gear Solid 4: Guns of the Patriots,22.95,94,2.58
X360,Fable II,17.95,89,2.55
PlayStation 3,Call of Duty: World at War,29.95,85,2.53
Nintendo Wii,Guitar Hero: World Tour,17.95,86,2.47
PlayStation 3,LittleBigPlanet,24.95,95,2.46
X360,Fallout 3,17.95,93,2.44
X360,LEGO Indiana Jones: The Original Adventures,9.95,77,2.42
X360,Left 4 Dead,19.95,89,2.39
X360,Madden NFL 09,14.95,83,2.33
Nintendo DS,Guitar Hero: On Tour,14.95,71,2.22
X360,Kung Fu Panda,9.95,75,2.04
X360,Rock Band 2,19.95,92,1.85
X360,Sega Superstars Tennis,9.95,67,1.84
X360,Guitar Hero: World Tour,16.95,85,1.78
Nintendo Wii,Animal Crossing: City Folk,29.95,73,1.78
Nintendo DS,Mario & Sonic at the Olympic Games,24.95,70,1.74
PlayStation 3,Madden NFL 09,14.95,85,1.66
X360,LEGO Batman: The Videogame,14.95,76,1.64
X360,Tom Clancy's Rainbow Six: Vegas 2,16.95,82,1.61
Nintendo DS,Kirby Super Star Ultra,24.95,76,1.6
X360,Star Wars: The Force Unleashed,16.95,73,1.59
Sony PSP,God of War: Chains of Olympus,17.95,91,1.54
PlayStation 3,Fallout 3,17.95,90,1.48
X360,Pure,12.95,85,1.43
Nintendo Wii,LEGO Indiana Jones: The Original Adventures,16.95,78,1.42
Nintendo Wii,Rock Band,17.95,92,1.4
Nintendo DS,LEGO Batman: The Videogame,17.95,72,1.39
X360,Saints Row 2,17.95,81,1.39
Nintendo Wii,LEGO Batman: The Videogame,17.95,74,1.32
Nintendo Wii,Call of Duty: World at War,29.95,83,1.17
Nintendo Wii,Deca Sports,17.95,50,1.16
X360,Midnight Club: Los Angeles,22.95,81,1.15
PlayStation 3,Mortal Kombat vs. DC Universe,24.95,76,1.13
X360,Army of Two,16.95,72,1.12
PlayStation 3,Resistance 2,24.95,87,1.11
PlayStation 3,Rock Band 2,24.95,91,1.11
PlayStation 3,Midnight Club: Los Angeles,22.95,82,1.09
Nintendo Wii,Sonic Unleashed,17.95,66,1.09
X360,NBA 2K9 ,12.95,84,1.07
PlayStation 3,Guitar Hero: World Tour,17.95,84,1.04
Nintendo Wii,Guitar Hero: Aerosmith,14.95,73,1.03
Nintendo Wii,Star Wars: The Force Unleashed,14.95,71,1.01
PlayStation 3,Burnout Paradise,17.95,87,1.01
Nintendo DS,Pok�mon Ranger: Shadows of Almia,24.95,68,0.99
X360,Mortal Kombat vs. DC Universe,24.95,72,0.98
Nintendo Wii,Rock Band 2,119.95,92,0.97
Nintendo Wii,We Ski,16.95,67,0.96
PlayStation 3,Dead Space,17.95,88,0.96
Nintendo Wii,Shaun White Snowboarding: Road Trip,14.95,78,0.95
PlayStation 3,Star Wars: The Force Unleashed,17.95,71,0.92
X360,Guitar Hero: Aerosmith,9.95,70,0.91
PlayStation 3,SOCOM: U.S. Navy SEALs - Confrontation,16.95,63,0.91
X360,SoulCalibur IV,19.95,85,0.87
X360,Battlefield: Bad Company,16.95,83,0.83
PlayStation 3,Saints Row 2,17.95,82,0.81
Nintendo DS,Guitar Hero: On Tour - Decades,17.95,72,0.8
X360,Devil May Cry 4,17.95,84,0.8
Nintendo DS,Mystery Case Files: MillionHeir,17.95,65,0.76
PlayStation 3,Battlefield: Bad Company,17.95,84,0.76
PlayStation 3,Army of Two,16.95,74,0.75
Nintendo Wii,Rayman Raving Rabbids TV Party,17.95,73,0.74
Nintendo Wii,The House of the Dead 2 & 3 Return,17.95,66,0.74
X360,Far Cry 2,19.95,85,0.73
Nintendo Wii,Boom Blox,24.95,85,0.72
Nintendo DS,Spore Creatures,14.95,65,0.7
Sony PSP,Madden NFL 09,14.95,68,0.68
X360,NCAA Football 09,14.95,83,0.68
PlayStation 3,MLB 08: The Show,12.95,85,0.67
PlayStation 3,Tom Clancy's Rainbow Six: Vegas 2,24.95,81,0.67
X360,Mercenaries 2: World in Flames,14.95,72,0.66
X360,Need for Speed: Undercover,17.95,64,0.66
PlayStation 3,Guitar Hero: Aerosmith,14.95,70,0.65
PlayStation 3,SoulCalibur IV,22.95,85,0.65
PlayStation 3,Valkyria Chronicles,24.95,86,0.65
Nintendo Wii,Harvest Moon: Tree of Tranquility,34.95,65,0.62
Nintendo DS,Star Wars: The Clone Wars - Jedi Alliance,17.95,68,0.6
PlayStation 3,Need for Speed: Undercover,17.95,59,0.59
Nintendo Wii,Wario Land: Shake It!,19.95,78,0.59
X360,WWE Smackdown! vs Raw 2009,17.95,79,0.59
PlayStation 3,NBA 2K9,14.95,82,0.58
X360,Major League Baseball 2K9,14.95,64,0.58
PlayStation 3,NCAA Football 09,14.95,81,0.56
Nintendo DS,Kung Fu Panda,17.95,71,0.56
PlayStation 3,Devil May Cry 4,19.95,84,0.56
X360,Tom Clancy's EndWar,16.95,77,0.56
Sony PSP,LEGO Batman: The Videogame,17.95,73,0.54
PlayStation 3,BioShock,17.95,94,0.53
X360,Bully: Scholarship Edition,17.95,80,0.53
X360,Prince of Persia,16.95,81,0.53
Nintendo Wii,Kung Fu Panda,16.95,70,0.52
Nintendo DS,Sonic Chronicles: The Dark Brotherhood,17.95,74,0.52
Sony PSP,Midnight Club: L.A. Remix,16.95,79,0.52
X360,FIFA Soccer 09,19.95,87,0.51
Nintendo DS,Chrono Trigger,17.95,92,0.51
Nintendo DS,High School Musical 2: Work This Out!,14.95,38,0.51
X360,Tomb Raider: Underworld,17.95,76,0.51
Nintendo Wii,skate it,39.95,70,0.5
Nintendo DS,The Legendary Starfy,24.95,75,0.5
X360,Mirror's Edge,14.95,79,0.5
PlayStation 3,FIFA Soccer 09,22.95,87,0.49
PlayStation 3,Haze,12.95,55,0.49
Sony PSP,Dissidia: Final Fantasy,17.95,79,0.49
X360,Sid Meier's Civilization: Revolution,24.95,84,0.49
Nintendo Wii,Wall-E,17.95,51,0.48
PlayStation 3,Prince of Persia,17.95,85,0.48
X360,NHL 09 ,14.95,88,0.48
X360,Brothers in Arms: Hell's Highway,17.95,76,0.47
X360,Shaun White Snowboarding,14.95,60,0.47
X360,Turok,14.95,69,0.47
Sony PSP,Iron Man,16.95,44,0.46
Nintendo Wii,SpongeBob SquarePants Featuring Nicktoons: Globs of Doom,16.95,47,0.46
Nintendo Wii,WWE Smackdown! vs Raw 2009,16.95,79,0.46
Nintendo Wii,De Blob,16.95,82,0.45
Nintendo Wii,Sonic Riders: Zero Gravity,16.95,56,0.45
Nintendo DS,Rhythm Heaven,24.95,83,0.45
Nintendo Wii,Big Beach Sports,16.95,44,0.44
PlayStation 3,Tomb Raider: Underworld,17.95,75,0.44
Nintendo DS,Advance Wars: Days of Ruin,17.95,86,0.43
PlayStation 3,LEGO Batman: The Videogame,17.95,75,0.43
PlayStation 3,Far Cry 2,19.95,85,0.43
Nintendo DS,Harvest Moon: Island of Happiness,24.95,65,0.42
PlayStation 3,Brothers in Arms: Hell's Highway,19.95,76,0.42
PlayStation 3,Sonic Unleashed,17.95,54,0.42
Nintendo Wii,Pinball Hall of Fame: The Williams Collection,17.95,82,0.41
X360,Sonic Unleashed,17.95,60,0.41
Nintendo Wii,Samba de Amigo,12.95,68,0.4
Sony PSP,WWE Smackdown! vs Raw 2009,16.95,72,0.4
Nintendo Wii,?kami,17.95,90,0.39
PlayStation 3,LEGO Indiana Jones: The Original Adventures,17.95,77,0.38
Nintendo Wii,CSI: Crime Scene Investigation - Hard Evidence,17.95,49,0.38
PlayStation 3,MotorStorm: Pacific Rift,29.95,82,0.37
X360,Tiger Woods PGA Tour 09,19.95,84,0.37
Nintendo Wii,SimCity Creator,24.95,67,0.37
PlayStation 3,Tiger Woods PGA Tour 09,19.95,82,0.36
Nintendo DS,Sid Meier's Civilization: Revolution,17.95,80,0.36
PlayStation 3,Pure,17.95,83,0.36
PlayStation 3,Turok,16.95,67,0.36
Nintendo Wii,Crash: Mind over Mutant,17.95,70,0.36
X360,Spider-Man: Web of Shadows,19.95,68,0.36
X360,Frontlines: Fuel of War,14.95,75,0.35
X360,GRID,19.95,87,0.35
X360,Too Human,14.95,65,0.35
Nintendo Wii,Speed Racer: The Videogame,16.95,69,0.34
Sony PSP,LEGO Indiana Jones: The Original Adventures,17.95,76,0.34
Nintendo Wii,SEGA Bass Fishing,17.95,59,0.34
Nintendo Wii,The Chronicles of Narnia: Prince Caspian,16.95,63,0.33
Nintendo DS,Iron Man,14.95,56,0.33
Nintendo DS,The Sims 2: Apartment Pets,17.95,50,0.33
Sony PSP,MLB 08: The Show,14.95,83,0.33
PlayStation 3,Iron Man,17.95,42,0.33
Nintendo DS,Madagascar: Escape 2 Africa,17.95,55,0.32
PlayStation 3,GRID,24.95,87,0.31
PlayStation 3,NHL 09,19.95,88,0.31
X360,Banjo-Kazooie: Nuts & Bolts,17.95,79,0.31
PlayStation 3,Hot Shots Golf: Out of Bounds,34.95,81,0.3
Nintendo DS,Rune Factory 2: A Fantasy Harvest Moon,17.95,79,0.3
Nintendo DS,SimCity Creator,17.95,69,0.3
Sony PSP,Patapon,17.95,86,0.3
PlayStation 3,Shaun White Snowboarding,15.95,63,0.3
Nintendo Wii,Iron Man,17.95,44,0.3
Nintendo DS,Sega Superstars Tennis,14.95,65,0.29
PlayStation 3,Lost Planet: Extreme Condition,16.95,67,0.29
PlayStation 3,Mirror's Edge,14.95,79,0.29
Nintendo Wii,The Incredible Hulk,16.95,46,0.29
X360,Condemned 2: Bloodshot,14.95,80,0.29
PlayStation 3,Buzz!: Quiz TV,14.95,80,0.28
Nintendo Wii,Sega Superstars Tennis,12.95,71,0.28
X360,You're in the Movies,16.95,55,0.28
Nintendo DS,Speed Racer: The Videogame,17.95,75,0.28
Nintendo DS,Viva Pi�ata: Pocket Paradise,17.95,82,0.28
PlayStation 3,Tom Clancy's EndWar,17.95,76,0.28
X360,Iron Man,17.95,45,0.28
Nintendo Wii,Need for Speed: Undercover,27.95,54,0.27
X360,Scene It? Box Office Smash!,16.95,76,0.27
X360,Wall-E,14.95,50,0.27
Nintendo DS,Spectrobes: Beyond the Portals,11.95,70,0.27
Sony PSP,MX vs. ATV Untamed,16.95,59,0.27
PlayStation 3,Mercenaries 2: World in Flames,15.95,72,0.27
X360,Infinite Undiscovery,17.95,68,0.27
X360,TNA iMPACT!,14.95,62,0.26
X360,Enemy Territory: Quake Wars,14.95,69,0.26
PlayStation 3,SingStar Vol.2,14.95,76,0.25
Nintendo DS,Fire Emblem: Shadow Dragon,19.95,81,0.25
Nintendo DS,Neopets Puzzle Adventure,17.95,70,0.25
X360,Tales of Vesperia,27.95,79,0.25
PlayStation 3,SingStar ABBA,17.95,70,0.24
X360,Dragon Ball Z: Burst Limit,17.95,72,0.24
Nintendo DS,Apollo Justice: Ace Attorney,24.95,78,0.24
Nintendo DS,Cake Mania 2: Jill's Next Adventure!,17.95,57,0.24
Nintendo DS,Castlevania: Order of Ecclesia,24.95,85,0.24
Nintendo DS,Mega Man Star Force 2: Zerker X Ninja,17.95,55,0.24
Nintendo DS,Mega Man Star Force 2: Zerker X Saurian,16.95,55,0.24
PlayStation 3,Enemy Territory: Quake Wars,16.95,60,0.24
X360,Namco Museum: Virtual Arcade,17.95,63,0.24
X360,NASCAR 09,19.95,69,0.24
X360,Turning Point: Fall of Liberty,7.95,43,0.24
Nintendo Wii,Summer Athletics 2009,19.95,56,0.23
Sony PSP,FIFA Soccer 09,17.95,84,0.23
X360,Unreal Tournament III,14.95,82,0.23
Nintendo DS,Nancy Drew: The Mystery of the Clue Bender Society,15.95,46,0.23
Nintendo DS,Shaun White Snowboarding,16.95,63,0.23
PlayStation 3,Dark Sector,14.95,72,0.23
X360,The Last Remnant,14.95,66,0.23
PlayStation 3,Dragon Ball Z: Burst Limit,19.95,71,0.22
PlayStation 3,NASCAR 09,22.95,65,0.22
PlayStation 3,Turning Point: Fall of Liberty,7.95,42,0.22
Nintendo Wii,Boogie SuperStar,26.95,67,0.22
Nintendo Wii,MX vs. ATV Untamed,24.95,70,0.22
X360,Crash: Mind over Mutant,24.95,60,0.22
X360,The Incredible Hulk,17.95,55,0.22
X360,Silent Hill: Homecoming,17.95,70,0.22
PlayStation 3,TNA iMPACT!,12.95,64,0.21
PlayStation 3,The Incredible Hulk,16.95,55,0.21
PlayStation 3,Kung Fu Panda,19.95,76,0.21
X360,Dark Sector,13.95,72,0.21
Nintendo Wii,Tales of Symphonia: Dawn of the New World,24.95,68,0.2
Nintendo DS,Valkyrie Profile: Covenant of the Plume,24.95,74,0.2
PlayStation 3,Spider-Man: Web of Shadows,24.95,67,0.2
Nintendo Wii,TV Show King,17.95,65,0.19
X360,AC/DC Live: Rock Band - Track Pack,14.95,63,0.19
Nintendo DS,The Chronicles of Narnia: Prince Caspian,10.95,54,0.19
Sony PSP,Hot Shots Golf: Open Tee 2,14.95,82,0.19
PlayStation 3,AC/DC Live: Rock Band - Track Pack,14.95,60,0.19
Nintendo Wii,Harvest Moon: Magical Melody,23.95,69,0.18
Nintendo Wii,We Love Golf!,16.95,75,0.18
PlayStation 3,Dynasty Warriors 6,24.95,59,0.18
Nintendo DS,Six Flags Fun Park,19.95,34,0.18
Nintendo Wii,Order Up!,17.95,76,0.18
X360,NBA Ballers: Chosen One,9.95,55,0.17
Nintendo DS,Age of Empires: Mythologies,17.95,78,0.17
Sony PSP,LocoRoco 2,11.95,85,0.17
Sony PSP,Star Ocean: First Departure,17.95,74,0.17
PlayStation 3,Lost: Via Domus,16.95,54,0.17
Nintendo Wii,Tetris Party,24.95,75,0.16
Nintendo Wii,Bully: Scholarship Edition,17.95,83,0.16
Nintendo Wii,The Spiderwick Chronicles,16.95,62,0.16
X360,Dynasty Warriors 6,24.95,60,0.16
X360,Facebreaker,12.95,54,0.16
Nintendo DS,Ninja Gaiden: Dragon Sword,12.95,83,0.16
Nintendo DS,Puzzler Collection,12.95,71,0.16
PlayStation 3,Condemned 2: Bloodshot,14.95,82,0.16
PlayStation 3,Silent Hill: Homecoming,17.95,71,0.16
X360,Command & Conquer: Red Alert 3,14.95,77,0.16
X360,Viking: Battle for Asgard,14.95,68,0.16
X360,Beijing 2008,14.95,60,0.15
X360,Don King Presents: Prizefighter,14.95,56,0.15
Sony PSP,Bomberman,12.95,73,0.15
PlayStation 3,Ferrari Challenge Trofeo Pirelli,17.95,71,0.15
X360,Command & Conquer 3: Kane's Wrath,17.95,75,0.15
X360,Lost: Via Domus,17.95,55,0.15
X360,NHL 2K9 ,14.95,69,0.15
PlayStation 3,Eternal Sonata,24.95,80,0.14
X360,Viva Pi�ata: Trouble in Paradise,17.95,82,0.14
Sony PSP,FlatOut: Head On,9.95,74,0.14
PlayStation 3,Viking: Battle for Asgard,16.95,65,0.14
Nintendo Wii,Neopets Puzzle Adventure,14.95,52,0.14
Nintendo Wii,TNA iMPACT!,14.95,43,0.14
Nintendo Wii,Tomb Raider: Underworld,17.95,70,0.14
X360,The Club,14.95,76,0.13
Sony PSP,SNK Arcade Classics Vol. 1,17.95,68,0.13
Nintendo Wii,Zoo Hospital,22.95,61,0.13
X360,The Chronicles of Narnia: Prince Caspian,14.95,56,0.13
Nintendo DS,WWE Smackdown! vs Raw 2009,17.95,58,0.13
X360,Cabela's Dangerous Hunts 2009,19.95,42,0.13
X360,Dark Messiah of Might and Magic: Elements,17.95,52,0.13
X360,Fracture,14.95,63,0.13
X360,Lips,39.95,71,0.12
Nintendo Wii,Bomberman Land,19.95,57,0.12
Nintendo Wii,Nitrobike,14.95,49,0.12
X360,Culdcept Saga,17.95,75,0.12
PlayStation 3,Facebreaker,14.95,53,0.12
Nintendo Wii,MLB Power Pros 2008,22.95,83,0.12
Nintendo Wii,Mushroom Men: The Spore Wars,17.95,72,0.12
Nintendo DS,Dragon Quest V: Hand of the Heavenly Bride,29.95,84,0.12
Nintendo DS,Ninjatown,19.95,80,0.12
Nintendo DS,Super Dodgeball Brawlers,19.95,65,0.12
Nintendo Wii,Dokapon Kingdom,17.95,72,0.12
X360,Alone in the Dark,14.95,58,0.12
PlayStation 3,NBA 09: The Inside,14.95,63,0.11
PlayStation 3,Sega Superstars Tennis,16.95,67,0.11
X360,Baja: Edge of Control,16.95,65,0.11
Nintendo Wii,Destroy All Humans! Big Willy Unleashed,17.95,53,0.11
Nintendo DS,Space Invaders Extreme,16.95,85,0.11
Nintendo DS,Ultimate Band,14.95,69,0.11
PlayStation 3,The Club,14.95,72,0.1
PlayStation 3,Madagascar: Escape 2 Africa,24.95,58,0.1
PlayStation 3,NBA Ballers: Chosen One,14.95,54,0.1
Nintendo Wii,Dream Pinball 3D,16.95,54,0.1
X360,Madagascar: Escape 2 Africa,19.95,62,0.1
X360,Rock Band: Track Pack - Volume 2,17.95,70,0.1
X360,Karaoke Revolution Presents: American Idol Encore,22.95,70,0.1
Nintendo Wii,Pro Evolution Soccer 2008,17.95,83,0.1
Nintendo DS,Avalon Code,27.95,71,0.1
Nintendo DS,Disgaea DS,24.95,82,0.1
Nintendo DS,Guitar Rock Tour,13.95,60,0.1
Nintendo DS,Lost in Blue 3,17.95,59,0.1
Nintendo DS,Syberia,23.95,52,0.1
PlayStation 3,Afrika,47.95,63,0.1
PlayStation 3,NFL Head Coach 09,14.95,64,0.1
PlayStation 3,NHL 2K9,14.95,70,0.1
Nintendo Wii,Brothers in Arms: Double Time,17.95,45,0.1
Nintendo Wii,ObsCure: The Aftermath,16.95,53,0.1
X360,MotoGP 08,16.95,68,0.1
X360,NFL Head Coach 09,12.95,67,0.1
X360,NFL Tour,12.95,49,0.1
Sony PSP,Pinball Hall of Fame: The Williams Collection,17.95,78,0.09
PlayStation 3,Baja: Edge of Control,17.95,61,0.09
PlayStation 3,NFL Tour,14.95,45,0.09
PlayStation 3,Wall-E,17.95,51,0.09
Nintendo Wii,Ninja Reflex,14.95,49,0.09
X360,Conflict: Denied Ops,12.95,52,0.09
X360,Top Spin 3,19.95,78,0.09
PlayStation 3,Blitz: The League II,14.95,62,0.09
PlayStation 3,Hellboy: The Science of Evil,16.95,47,0.09
Nintendo Wii,Castlevania Judgment,17.95,49,0.09
Nintendo Wii,Death Jr. II: Root of Evil,17.95,71,0.09
X360,Raiden IV,32.95,63,0.09
Nintendo DS,Metal Slug 7,17.95,70,0.09
Nintendo DS,Spider-Man: Web of Shadows,15.95,77,0.09
Nintendo DS,Tecmo Bowl Kickoff,15.95,66,0.09
Nintendo DS,Trauma Center: Under The Knife 2,19.95,79,0.09
PlayStation 3,Alone in the Dark: Inferno,16.95,69,0.09
PlayStation 3,Fracture,14.95,62,0.09
Nintendo Wii,Alone in the Dark,14.95,39,0.09
Nintendo Wii,Final Fantasy Fables: Chocobo's Dungeon,17.95,76,0.09
Nintendo Wii,The King of Fighters Collection: The Orochi Saga,17.95,70,0.09
Nintendo Wii,Klonoa: Door to Phantomile,17.95,77,0.09
Nintendo Wii,Samurai Warriors: Katana,17.95,53,0.09
Nintendo Wii,Battle of the Bands,14.95,58,0.08
X360,Hellboy: The Science of Evil,14.95,44,0.08
Nintendo DS,Dragon Ball: Origins,15.95,78,0.08
Nintendo DS,Ninja Reflex,12.95,54,0.08
Nintendo DS,Space Bust-A-Move,17.95,71,0.08
PlayStation 3,Top Spin 3,24.95,75,0.08
PlayStation 3,UEFA Euro 2008,17.95,79,0.07
Nintendo Wii,"Blast Works: Build, Trade, Destroy",14.95,78,0.07
X360,FIFA Street 3,14.95,63,0.07
X360,Blitz: The League II,12.95,68,0.07
X360,Space Chimps,14.95,57,0.07
X360,The Spiderwick Chronicles,14.95,59,0.07
Nintendo DS,Brain Voyage,17.95,52,0.07
Nintendo DS,Etrian Odyssey II: Heroes of Lagaard,24.95,82,0.07
Nintendo DS,Exit DS,14.95,64,0.07
Nintendo DS,Line Rider 2: Unbound,8.95,59,0.07
Sony PSP,The King of Fighters Collection: The Orochi Saga,17.95,61,0.07
Nintendo Wii,Target: Terror,17.95,33,0.07
Nintendo Wii,Wild Earth: African Safari,16.95,60,0.07
X360,Legendary,17.95,47,0.07
X360,Universe at War: Earth Assault,14.95,66,0.07
X360,Smash Court Tennis 3,14.95,55,0.06
Nintendo DS,Code Lyoko: Fall of X.A.N.A,14.95,51,0.06
Nintendo DS,Knights in the Nightmare,29.95,76,0.06
Nintendo DS,Lock's Quest,14.95,80,0.06
Nintendo DS,Master of the Monster Lair,14.95,63,0.06
Nintendo DS,N+,14.95,82,0.06
Nintendo DS,Pipe Mania,14.95,71,0.06
Nintendo DS,Pop Cutie! Street Fashion Simulation,22.95,72,0.06
Nintendo DS,Red Bull BC One,7.95,48,0.06
Nintendo DS,The Spiderwick Chronicles,12.95,60,0.06
Nintendo DS,Summon Night: Twin Age,24.95,73,0.06
Sony PSP,Wild Arms XF,17.95,64,0.06
PlayStation 3,FIFA Street 3,17.95,63,0.06
PlayStation 3,MotoGP 08,17.95,65,0.06
Nintendo Wii,Harvey Birdman: Attorney at Law,14.95,60,0.06
Nintendo Wii,Let's Tap,17.95,70,0.06
Nintendo Wii,NHL 2K9,14.95,65,0.06
X360,Warhammer: Mark of Chaos - Battle March,19.95,55,0.06
PlayStation 3,Conflict: Denied Ops,17.95,51,0.05
Nintendo Wii,Worms: A Space Oddity,17.95,64,0.05
X360,UEFA Euro 2008,14.95,80,0.05
PlayStation 3,Overlord: Raising Hell,17.95,72,0.05
Nintendo Wii,Ford Racing Off Road,16.95,37,0.05
Nintendo Wii,SNK Arcade Classics Vol. 1,17.95,73,0.05
X360,Battle Fantasia,22.95,71,0.05
Nintendo DS,Bangai-O Spirits,14.95,83,0.05
Nintendo DS,Dungeon Explorer: Warriors of Ancient Arts,17.95,60,0.05
Nintendo DS,From the Abyss,19.95,60,0.05
Nintendo DS,Garfield's Fun Fest,12.95,44,0.05
Nintendo DS,New International Track & Field,14.95,73,0.05
Nintendo DS,Soul Bubbles,14.95,78,0.05
Nintendo DS,Tropix!,23.95,59,0.05
Nintendo DS,Unsolved Crimes,17.95,66,0.05
Nintendo DS,Zubo,14.95,75,0.05
Sony PSP,Ford Racing Off Road,12.95,47,0.05
Sony PSP,Harvey Birdman: Attorney at Law,14.95,62,0.05
Sony PSP,Secret Agent Clank,23.95,72,0.05
Sony PSP,Space Invaders Extreme,16.95,84,0.05
PlayStation 3,Armored Core: For Answer,29.95,62,0.05
PlayStation 3,Legendary,19.95,50,0.05
Nintendo Wii,Agatha Christie: Evil Under the Sun,17.95,46,0.05
Nintendo Wii,Agatha Christie: And Then There Were None,17.95,50,0.05
X360,Armored Core: For Answer,24.95,64,0.05
Nintendo DS,Cradle of Rome,17.95,63,0.04
Nintendo DS,The Dark Spire,24.95,69,0.04
Nintendo DS,"Flower, Sun and Rain",23.95,54,0.04
Nintendo DS,Insecticide,12.95,55,0.04
Nintendo DS,Izuna 2: The Unemployed Ninja Returns,17.95,65,0.04
Nintendo DS,Looney Tunes: Cartoon Conductor,13.95,67,0.04
Nintendo DS,Nanostray 2,12.95,75,0.04
Sony PSP,Hellboy: The Science of Evil,14.95,42,0.04
Sony PSP,Pipe Mania,12.95,74,0.04
Sony PSP,UEFA Euro 2008,19.95,68,0.04
PlayStation 3,Vampire Rain,24.95,30,0.04
Nintendo Wii,Baroque,19.95,50,0.04
Nintendo Wii,Mortimer Beckett and the Secrets of the Spooky Manor,22.95,56,0.04
X360,Supreme Commander,17.95,56,0.04
X360,Hail to the Chimp,16.95,52,0.03
Nintendo DS,Assassin's Creed: Alta�r's Chronicles,11.95,58,0.03
Nintendo DS,Igor: The Game,14.95,43,0.03
Nintendo DS,The Legend of Kage 2,14.95,70,0.03
Nintendo DS,Rhapsody: A Musical Adventure,12.95,67,0.03
Nintendo DS,Secret Files: Tunguska,17.95,71,0.03
Nintendo DS,Toy Shop,12.95,31,0.03
Sony PSP,Downstream Panic!,14.95,77,0.03
Sony PSP,Fading Shadows,17.95,62,0.03
PlayStation 3,Hail to the Chimp,15.95,51,0.03
Nintendo Wii,Emergency Mayhem,8.95,40,0.02
Nintendo Wii,Secret Files: Tunguska,17.95,64,0.02
Nintendo DS,Chicken Hunter,17.95,39,0.02
Nintendo DS,Commando: Steel Disaster,16.95,64,0.02
Nintendo DS,Drone Tactics,24.95,74,0.02
Nintendo DS,Eco-Creatures: Save the Forest,11.95,55,0.02
Nintendo DS,Jake Hunter: Detective Chronicles,17.95,47,0.02
Nintendo DS,"Teenage Zombies: ""Invasion of the Alien Brain T...",9.95,67,0.02
Nintendo DS,Time Hollow,24.95,64,0.02
Sony PSP,N+,14.95,79,0.02
Sony PSP,Warriors Orochi,14.95,62,0.02
PlayStation 3,Rise of the Argonauts,19.95,57,0.02
Nintendo Wii,George of the Jungle and the Search for the Secret,16.95,35,0.02
Nintendo Wii,Line Rider 2: Unbound,7.95,62,0.02
Nintendo Wii,PDC World Championship Darts 2008,24.95,51,0.02
X360,Rise of the Argonauts,47.95,54,0.02
Sony PSP,Dungeon Explorer: Warriors of Ancient Arts,17.95,56,0.01
X360,Summer Athletics: The Ultimate Challenge,14.95,48,0.01
Nintendo DS,Away: Shuffle Dungeon,14.95,65,0.01
Sony PSP,PDC World Championship Darts,9.95,43,0.01
Nintendo Wii,Rebel Raiders: Operation Nighthawk,24.95,40,0.01
Nintendo Wii,Wii Sports Resort,39.95,80,13.87
Nintendo Wii,New Super Mario Bros. Wii,39.95,87,11.35
Nintendo Wii,Wii Fit Plus,17.95,80,9.06
X360,Call of Duty: Modern Warfare 2,47.95,94,8.61
PlayStation 3,Call of Duty: Modern Warfare 2,49.95,94,4.95
X360,Halo 3: ODST,32.95,83,4.36
Nintendo DS,Pok�mon HeartGold,32.95,87,3.72
Nintendo DS,Pok�mon SoulSilver,34.95,87,3.72
X360,Assassin's Creed II,29.95,90,2.81
X360,Forza Motorsport 3,39.95,92,2.79
PlayStation 3,Uncharted 2: Among Thieves,44.95,96,2.47
X360,Left 4 Dead 2,27.95,89,2.41
PlayStation 3,Assassin's Creed II,29.95,91,2.18
Nintendo Wii,EA SPORTS Active,39.95,81,2.16
Nintendo DS,Mario & Luigi: Bowser's Inside Story,29.95,90,2.03
X360,Resident Evil 5,22.95,85,1.89
PlayStation 3,God of War Collection,27.95,91,1.86
X360,Borderlands,34.95,84,1.82
PlayStation 3,Resident Evil 5,24.95,86,1.62
X360,Dragon Age: Origins,37.95,86,1.58
X360,UFC 2009 Undisputed,19.95,83,1.5
PlayStation 3,Batman: Arkham Asylum,32.95,91,1.46
PlayStation 3,Final Fantasy XIII,44.95,83,1.44
Nintendo DS,Scribblenauts,24.95,79,1.38
PlayStation 3,Killzone 2,22.95,91,1.38
Nintendo DS,The Legend of Zelda: Spirit Tracks,24.95,87,1.29
X360,Batman: Arkham Asylum,29.95,92,1.26
PlayStation 3,inFAMOUS,24.95,85,1.24
X360,Halo Wars,17.95,82,1.24
PlayStation 3,Street Fighter IV,22.95,94,1.09
X360,Street Fighter IV,24.95,93,1.07
PlayStation 3,UFC 2009 Undisputed,22.95,85,1.06
X360,The Beatles: Rock Band,24.95,89,0.95
PlayStation 3,Sonic's Ultimate Genesis Collection,17.95,80,0.95
X360,Fight Night Round 4,19.95,87,0.94
Nintendo Wii,Punch-Out!!,39.95,86,0.93
Nintendo Wii,Guitar Hero 5,24.95,89,0.91
PlayStation 3,Fight Night Round 4,24.95,88,0.91
PlayStation 3,Tekken 6,32.95,79,0.91
PlayStation 3,Ratchet & Clank: A Crack in Time (Collector's E...,32.95,87,0.87
X360,NBA 2K10,29.95,82,0.86
PlayStation 3,Dragon Age: Origins,37.95,87,0.85
X360,skate 2,17.95,84,0.84
PlayStation 3,Borderlands,34.95,83,0.83
X360,Prototype,24.95,78,0.82
Nintendo Wii,Toy Story Mania!,29.95,49,0.78
PlayStation 3,NBA 2K10,32.95,83,0.77
PlayStation 3,Demon's Souls,32.95,90,0.72
Nintendo DS,Professor Layton and the Diabolical Box,17.95,84,0.7
Nintendo Wii,LEGO Indiana Jones 2: The Adventure Continues ,17.95,72,0.69
PlayStation 3,Need for Speed: SHIFT,29.95,84,0.68
PlayStation 3,MLB 09: The Show,19.95,90,0.66
X360,Marvel Ultimate Alliance 2,24.95,73,0.65
PlayStation 3,Prototype,24.95,79,0.65
X360,Need for Speed: SHIFT,29.95,83,0.64
Nintendo Wii,Scooby-Doo! First Frights,17.95,56,0.61
X360,FIFA Soccer 10,44.95,90,0.6
PlayStation 3,FIFA Soccer 10,49.95,91,0.59
Nintendo DS,Grand Theft Auto: Chinatown Wars ,17.95,93,0.58
X360,Guitar Hero 5,22.95,85,0.57
X360,Br�tal Legend,17.95,82,0.57
X360,WWE SmackDown vs. Raw 2010,29.95,80,0.56
Nintendo DS,Pok�mon Mystery Dungeon: Explorers of Sky,24.95,52,0.56
X360,Tekken 6,29.95,80,0.55
Nintendo Wii,Disney/Pixar Cars: Race-O-Rama,26.95,58,0.54
X360,Sonic's Ultimate Genesis Collection,17.95,79,0.53
Nintendo Wii,Band Hero,29.95,79,0.53
Nintendo Wii,Ghostbusters: The Video Game,17.95,76,0.52
X360,NHL 10 ,44.95,88,0.52
X360,Guitar Hero: Metallica,29.95,84,0.5
PlayStation 3,Marvel Ultimate Alliance 2,24.95,74,0.49
Sony PSP,LittleBigPlanet,32.95,87,0.49
PlayStation 3,WWE SmackDown vs. Raw 2010,32.95,81,0.48
Nintendo Wii,Monster Hunter Tri,34.95,84,0.48
X360,DJ Hero,39.95,84,0.47
PlayStation 3,skate 2,17.95,84,0.46
PlayStation 3,Br�tal Legend,17.95,83,0.46
X360,Bayonetta,39.95,90,0.46
X360,The Godfather II,16.95,65,0.46
PlayStation 3,Guitar Hero 5,29.95,86,0.45
Sony PSP,Monster Hunter Freedom Unite,24.95,81,0.45
Nintendo Wii,WWE SmackDown vs. Raw 2010,24.95,78,0.45
X360,Red Faction: Guerrilla,16.95,85,0.45
Nintendo Wii,The House of the Dead: Overkill,17.95,78,0.44
X360,MX vs ATV Reflex,27.95,75,0.44
Nintendo Wii,Metroid Prime Trilogy,39.95,91,0.43
X360,Ghostbusters: The Video Game,17.95,79,0.43
X360,LEGO Indiana Jones 2: The Adventure Continues ,17.95,71,0.42
Nintendo DS,Drawn to Life: The Next Chapter,17.95,72,0.42
PlayStation 3,The Godfather II,17.95,67,0.42
PlayStation 3,MX vs ATV Reflex,32.95,74,0.42
Sony PSP,Gran Turismo,17.95,74,0.41
PlayStation 3,NHL 10,44.95,88,0.4
Nintendo Wii,Guitar Hero: Metallica,24.95,85,0.4
X360,X-Men Origins: Wolverine (Uncaged Edition),22.95,75,0.4
Nintendo Wii,MadWorld,12.95,81,0.39
PlayStation 3,The Lord of the Rings: Conquest,17.95,54,0.38
Nintendo Wii,DJ Hero,49.95,87,0.38
Nintendo Wii,LEGO Rock Band,26.95,70,0.37
Nintendo Wii,Star Wars: The Clone Wars - Republic Heroes,16.95,48,0.37
Sony PSP,Assassin's Creed: Bloodlines,22.95,63,0.37
PlayStation 3,Bayonetta,39.95,87,0.37
X360,The Lord of the Rings: Conquest,17.95,55,0.36
PlayStation 3,BlazBlue: Calamity Trigger ,23.95,87,0.36
PlayStation 3,LEGO Indiana Jones 2: The Adventure Continues ,17.95,70,0.36
Nintendo Wii,Resident Evil: The Darkside Chronicles,29.95,75,0.36
Nintendo Wii,Boom Blox Bash Party,24.95,86,0.34
Nintendo Wii,Indiana Jones and the Staff of Kings,17.95,55,0.33
PlayStation 3,DJ Hero,44.95,86,0.33
PlayStation 3,Call of Juarez: Bound in Blood,17.95,78,0.33
Nintendo Wii,NHL 2K10,29.95,79,0.33
Nintendo Wii,We Ski & Snowboard,24.95,66,0.33
X360,F.E.A.R. 2: Project Origin,16.95,77,0.33
X360,LEGO Rock Band,24.95,71,0.32
PlayStation 3,Ghostbusters: The Video Game,17.95,78,0.32
X360,DiRT 2,32.95,87,0.32
PlayStation 3,X-Men Origins: Wolverine (Uncaged Edition),29.95,73,0.31
PlayStation 3,Red Faction: Guerrilla,17.95,85,0.3
PlayStation 3,Pro Evolution Soccer 2010,27.95,78,0.29
PlayStation 3,James Cameron's Avatar: The Game,24.95,60,0.29
X360,Call of Juarez: Bound in Blood,17.95,77,0.29
X360,Transformers: Revenge of the Fallen,19.95,61,0.29
Nintendo Wii,Guitar Hero Smash Hits,24.95,74,0.28
X360,Band Hero,27.95,76,0.28
Nintendo Wii,Dead Space: Extraction,24.95,82,0.28
PlayStation 3,IL-2 Sturmovik: Birds of Prey,24.95,81,0.28
PlayStation 3,White Knight Chronicles (EX Edition),39.95,64,0.28
Nintendo Wii,The Conduit,22.95,69,0.28
Nintendo Wii,Harry Potter and the Half-Blood Prince,24.95,60,0.28
Nintendo Wii,Spore Hero,19.95,61,0.28
PlayStation 3,Guitar Hero: Metallica,29.95,86,0.27
PlayStation 3,DiRT 2,34.95,87,0.27
X360,Sacred 2: Fallen Angel,27.95,71,0.26
Sony PSP,Grand Theft Auto: Chinatown Wars ,24.95,90,0.25
Sony PSP,Resistance: Retribution,17.95,81,0.25
Nintendo Wii,Major League Baseball 2K9,19.95,61,0.25
Nintendo Wii,Marvel Ultimate Alliance 2,27.95,50,0.24
Sony PSP,MLB 09: The Show,17.95,78,0.24
PlayStation 3,Band Hero,32.95,76,0.24
X360,The Saboteur,17.95,73,0.24
X360,Wheelman,19.95,64,0.24
Nintendo DS,Bookworm Deluxe,17.95,73,0.23
PlayStation 3,Operation Flashpoint: Dragon Rising,29.95,76,0.23
X360,Wolfenstein,22.95,72,0.23
Nintendo DS,Final Fantasy: Crystal Chronicles - Ring of Fates,19.95,77,0.22
Nintendo DS,Monsters vs. Aliens,17.95,47,0.22
PlayStation 3,WET,24.95,70,0.22
Nintendo Wii,Ben 10 Alien Force: Vilgax Attacks,24.95,70,0.22
X360,WET,27.95,69,0.22
PlayStation 3,Tom Clancy's H.A.W.X,24.95,74,0.21
Nintendo Wii,Silent Hill: Shattered Memories,39.95,79,0.21
Nintendo Wii,Transformers: Revenge of the Fallen,19.95,53,0.21
Nintendo Wii,Up,16.95,62,0.2
PlayStation 3,Sacred 2: Fallen Angel,24.95,70,0.2
X360,BlazBlue: Calamity Trigger (Limited Edition),32.95,86,0.2
Nintendo DS,Harry Potter and the Half-Blood Prince,17.95,48,0.2
Nintendo DS,Picross 3D,16.95,83,0.2
X360,Guitar Hero Smash Hits,19.95,71,0.19
PlayStation 3,Pinball Hall of Fame: The Williams Collection,17.95,82,0.19
PlayStation 3,Transformers: Revenge of the Fallen,19.95,63,0.19
PlayStation 3,Wolfenstein,24.95,71,0.19
Nintendo Wii,Shaun White Snowboarding: World Stage,19.95,72,0.19
Nintendo DS,Ghostbusters: The Video Game,17.95,55,0.18
PlayStation 3,F.E.A.R. 2: Project Origin,17.95,79,0.18
Nintendo Wii,Final Fantasy: Crystal Chronicles - The Crystal...,29.95,66,0.18
Nintendo DS,Ace Attorney Investigations: Miles Edgeworth,24.95,78,0.17
Nintendo Wii,Mini Ninjas,17.95,79,0.17
X360,IL-2 Sturmovik: Birds of Prey,24.95,80,0.17
X360,Wanted: Weapons of Fate,12.95,62,0.17
PlayStation 3,Guitar Hero Smash Hits,22.95,73,0.16
PlayStation 3,LEGO Rock Band,22.95,75,0.16
PlayStation 3,Katamari Forever,39.95,74,0.16
Nintendo Wii,G.I. Joe: The Rise of Cobra,17.95,51,0.16
Sony PSP,Phantasy Star Portable,27.95,64,0.16
PlayStation 3,Major League Baseball 2K9,14.95,61,0.16
Nintendo Wii,A Boy and his Blob,24.95,80,0.16
Nintendo Wii,Night at the Museum: Battle of the Smithsonian,22.95,54,0.16
X360,Battlestations: Pacific,24.95,76,0.16
X360,Up,19.95,61,0.15
X360,Overlord II,19.95,75,0.15
X360,Star Wars: The Clone Wars - Republic Heroes,16.95,43,0.15
Sony PSP,Jak & Daxter: The Lost Frontier,17.95,71,0.15
X360,Afro Samurai,16.95,65,0.15
X360,The Chronicles of Riddick: Assault on Dark Athena,16.95,82,0.15
X360,Divinity II: Ego Draconis,34.95,62,0.15
X360,Harry Potter and the Half-Blood Prince,19.95,64,0.15
X360,Section 8,19.95,69,0.15
X360,Tropico 3,34.95,75,0.15
PlayStation 3,Star Wars: The Clone Wars - Republic Heroes,16.95,43,0.14
X360,G.I. Joe: The Rise of Cobra,17.95,42,0.14
Nintendo DS,Marvel Ultimate Alliance 2,19.95,65,0.14
PlayStation 3,Wanted: Weapons of Fate,16.95,61,0.14
Nintendo Wii,SimAnimals,17.95,58,0.14
Nintendo DS,The Wizard of Oz: Beyond the Yellow Brick Road,23.95,68,0.13
Nintendo DS,X-Men Origins: Wolverine,17.95,55,0.13
PlayStation 3,Buzz!: Quiz World,49.95,80,0.13
PlayStation 3,Saw,29.95,59,0.13
Nintendo Wii,Dead Rising: Chop Till You Drop,22.95,61,0.13
X360,Leisure Suit Larry: Box Office Bust,14.95,25,0.13
X360,Saw,29.95,59,0.13
PlayStation 3,Terminator: Salvation,17.95,43,0.12
Nintendo DS,Shin Megami Tensei: Devil Survivor,23.95,84,0.12
PlayStation 3,Afro Samurai,17.95,65,0.12
PlayStation 3,Bionic Commando,13.95,71,0.12
PlayStation 3,Disney/Pixar Cars: Race-O-Rama,32.95,61,0.12
PlayStation 3,Harry Potter and the Half-Blood Prince,19.95,66,0.12
PlayStation 3,Wheelman,22.95,66,0.12
Nintendo Wii,Little King's Story,24.95,87,0.12
X360,Bionic Commando,12.95,70,0.12
X360,NHL 2K10 ,24.95,69,0.12
PlayStation 3,NHL 2K10,24.95,66,0.11
X360,Fairytale Fights,16.95,51,0.11
X360,Trivial Pursuit,17.95,66,0.11
PlayStation 3,G.I. Joe: The Rise of Cobra,19.95,43,0.11
Nintendo Wii,Monsters vs. Aliens,19.95,69,0.11
X360,Blood Bowl,39.95,61,0.11
X360,Disney/Pixar Cars: Race-O-Rama,24.95,54,0.11
Nintendo DS,Dragon Ball Z: Attack of the Saiyans,17.95,73,0.11
Nintendo DS,Might & Magic: Clash of Heroes,24.95,86,0.11
Nintendo Wii,Dawn of Discovery,17.95,81,0.11
Nintendo Wii,Final Fantasy: Crystal Chronicles - Echoes of Time,24.95,64,0.11
Nintendo Wii,Phantom Brave,29.95,76,0.11
X360,Terminator: Salvation,14.95,48,0.11
X360,Velvet Assassin,19.95,56,0.11
PlayStation 3,Up,24.95,65,0.1
X360,Pro Evolution Soccer 2010,27.95,78,0.1
PlayStation 3,The King of Fighters XII,29.95,57,0.1
PlayStation 3,Monsters vs. Aliens,19.95,66,0.1
PlayStation 3,Overlord II,19.95,72,0.1
Nintendo DS,Peggle: Dual Shot,17.95,84,0.1
Nintendo DS,Puzzle Quest: Galactrix,14.95,75,0.1
Nintendo DS,WarioWare D.I.Y.,32.95,83,0.1
PlayStation 3,The Chronicles of Riddick: Assault on Dark Athena,17.95,80,0.1
PlayStation 3,Heroes Over Europe,24.95,62,0.1
PlayStation 3,Mini Ninjas,24.95,73,0.1
PlayStation 3,Rogue Warrior,22.95,27,0.1
PlayStation 3,Stormrise,14.95,51,0.1
Nintendo Wii,Ice Age: Dawn of the Dinosaurs,24.95,73,0.1
Nintendo Wii,Virtua Tennis 2009,24.95,73,0.1
X360,50 Cent: Blood on the Sand,19.95,71,0.1
X360,Eat Lead: The Return of Matt Hazard,14.95,53,0.1
X360,Virtua Tennis 2009,17.95,70,0.09
Nintendo DS,Puzzle Kingdoms,13.95,64,0.09
Sony PSP,Indiana Jones and the Staff of Kings,17.95,63,0.09
PlayStation 3,Eat Lead: The Return of Matt Hazard,17.95,51,0.09
PlayStation 3,Fairytale Fights,17.95,53,0.09
Nintendo Wii,Overlord: Dark Legend,17.95,68,0.09
Nintendo Wii,Puzzle Kingdoms,12.95,63,0.09
X360,Ben 10 Alien Force: Vilgax Attacks,27.95,61,0.09
X360,CSI: Crime Scene Investigation - Deadly Intent,24.95,51,0.09
X360,Hannah Montana: The Movie,16.95,25,0.09
X360,Jurassic: The Hunted,24.95,60,0.09
X360,Mini Ninjas,24.95,73,0.09
X360,Ninja Blade,19.95,68,0.09
PlayStation 3,Virtua Tennis 2009,24.95,70,0.08
Nintendo Wii,Guitar Hero: Van Halen,34.95,50,0.08
PlayStation 3,Watchmen: The End is Nigh - The Complete Experi...,17.95,59,0.08
Nintendo Wii,Broken Sword: Shadow of the Templars - The Dire...,19.95,74,0.08
Nintendo DS,The Lord of the Rings: Conquest,17.95,61,0.08
Sony PSP,Half-Minute Hero,17.95,84,0.08
PlayStation 3,50 Cent: Blood on the Sand,19.95,72,0.08
PlayStation 3,FUEL,16.95,67,0.08
Nintendo Wii,Deadly Creatures,17.95,72,0.08
X360,FUEL,14.95,66,0.08
X360,Heroes Over Europe,19.95,62,0.08
X360,Rogue Warrior,19.95,28,0.08
X360,X-Blades,17.95,50,0.08
X360,Guitar Hero: Van Halen,29.95,57,0.07
X360,Monsters vs. Aliens,22.95,63,0.07
X360,Watchmen: The End is Nigh: Parts 1 and 2,14.95,56,0.07
Nintendo DS,Fighting Fantasy: The Warlock of Firetop Mountain,24.95,45,0.07
Nintendo DS,Overlord Minions,7.95,58,0.07
PlayStation 3,Damnation,17.95,36,0.07
PlayStation 3,Ice Age: Dawn of the Dinosaurs,34.95,67,0.07
X360,Ice Age: Dawn of the Dinosaurs,29.95,68,0.07
X360,Night at the Museum: Battle of the Smithsonian,19.95,50,0.07
X360,Raven Squad: Operation Hidden Dagger,17.95,38,0.07
X360,Stormrise,14.95,48,0.07
PlayStation 3,SingStar Queen,19.95,74,0.06
PlayStation 3,Guitar Hero: Van Halen,29.95,59,0.06
PlayStation 3,Planet 51: The Game,22.95,50,0.06
X360,Damnation,19.95,36,0.06
X360,The King of Fighters XII,24.95,63,0.06
Nintendo DS,Broken Sword: Shadow of the Templars - The Dire...,17.95,78,0.06
Nintendo DS,Henry Hatsworth in the Puzzling Adventure,17.95,82,0.06
Sony PSP,Crimson Gem Saga,24.95,78,0.06
Sony PSP,Prinny: Can I Really Be the Hero?,22.95,72,0.06
PlayStation 3,Leisure Suit Larry: Box Office Bust,17.95,17,0.06
Nintendo Wii,Cursed Mountain,14.95,67,0.06
Nintendo Wii,Rygar: The Legendary Adventure,17.95,52,0.06
Nintendo Wii,Safecracker: The Ultimate Puzzle Adventure,17.95,56,0.06
X360,Planet 51: The Game,19.95,53,0.05
Nintendo DS,Black Sigil: Blade of the Exiled,24.95,58,0.05
Nintendo DS,Infinite Space,29.95,75,0.05
Nintendo DS,Moon,17.95,71,0.05
Nintendo DS,Safecracker: The Ultimate Puzzle Adventure,24.95,43,0.05
Sony PSP,ObsCure: The Aftermath,29.95,66,0.05
Sony PSP,Undead Knights,29.95,63,0.05
PlayStation 3,MLB Front Office Manager,19.95,49,0.05
PlayStation 3,Shellshock 2: Blood Trails,16.95,35,0.05
PlayStation 3,X-Blades,19.95,50,0.05
Nintendo Wii,Cate West: The Vanishing Files,16.95,65,0.05
Nintendo Wii,Coraline,12.95,42,0.05
Nintendo Wii,Grey's Anatomy: The Video Game,19.95,65,0.05
Nintendo Wii,Pool Hall Pro,12.95,62,0.05
Nintendo Wii,Rogue Trooper,27.95,70,0.05
X360,MLB Front Office Manager,17.95,47,0.05
X360,Race Pro,19.95,72,0.05
X360,Shellshock 2: Blood Trails,14.95,30,0.05
Nintendo Wii,Samurai Shodown Anthology,24.95,74,0.04
X360,Raiden Fighters Aces,17.95,73,0.04
Nintendo DS,Dawn of Discovery,17.95,82,0.04
Nintendo DS,Jake Hunter Detective Story: Memories of the Past,24.95,72,0.04
Sony PSP,Air Conflicts: Aces of World War II,24.95,36,0.04
Sony PSP,Mimana Iyar Chronicles,34.95,45,0.04
Sony PSP,Shadow of Destiny,17.95,54,0.04
X360,Risen,44.95,60,0.04
Nintendo DS,Jewel Quest Mysteries,17.95,68,0.03
Sony PSP,Dynasty Warriors: Strikeforce,24.95,65,0.03
Nintendo DS,PDC World Championship Darts 2009,11.95,45,0.02
Nintendo DS,Legacy of Ys: Books I & II,27.95,67,0.01
Nintendo Wii,Super Mario Galaxy 2,39.95,98,3.3
X360,Red Dead Redemption,49.95,95,2.65
PlayStation 3,God of War III,44.95,92,2.58
X360,Battlefield: Bad Company 2,47.95,88,1.91
PlayStation 3,Red Dead Redemption,49.95,95,1.86
X360,Mass Effect 2,32.95,96,1.72
X360,BioShock 2,39.95,88,1.22
PlayStation 3,Battlefield: Bad Company 2,44.95,88,1.13
X360,Tom Clancy's Splinter Cell: Conviction,44.95,85,1.06
X360,Final Fantasy XIII,44.95,82,1.03
PlayStation 3,Heavy Rain,44.95,87,0.83
PlayStation 3,MAG,34.95,76,0.74
PlayStation 3,MLB 10: The Show,47.95,91,0.65
PlayStation 3,BioShock 2,37.95,88,0.64
PlayStation 3,Darksiders,32.95,82,0.59
X360,Alan Wake,47.95,83,0.59
X360,Darksiders,32.95,83,0.59
PlayStation 3,Dante's Inferno (Divine Edition),34.95,75,0.56
X360,Aliens vs Predator,34.95,64,0.52
X360,Dante's Inferno,34.95,73,0.49
X360,Army of Two: The 40th Day,34.95,73,0.45
Nintendo Wii,Endless Ocean: Blue World,24.95,76,0.42
Nintendo DS,Sonic Classic Collection,24.95,70,0.4
X360,Just Cause 2,49.95,81,0.4
PlayStation 3,ModNation Racers,49.95,82,0.39
PlayStation 3,Aliens vs Predator,39.95,65,0.35
PlayStation 3,Army of Two: The 40th Day,34.95,74,0.33
PlayStation 3,Just Cause 2,44.95,83,0.32
X360,Lost Planet 2,49.95,68,0.31
Nintendo Wii,Sonic & SEGA All-Stars Racing,32.95,78,0.29
Nintendo Wii,Tatsunoko vs. Capcom Ultimate All-Stars,39.95,85,0.27
PlayStation 3,3D Dot Game Heroes,34.95,77,0.27
X360,Dragon Age: Origins - Awakening,32.95,80,0.24
X360,Prince of Persia: The Forgotten Sands (Limited ...,47.95,73,0.24
X360,Split/Second,49.95,82,0.22
PlayStation 3,Lost Planet 2,47.95,68,0.2
PlayStation 3,Sonic & SEGA All-Stars Racing,39.95,77,0.19
PlayStation 3,Dragon Age: Origins - Awakening,34.95,80,0.19
Nintendo Wii,Alice in Wonderland,32.95,69,0.18
PlayStation 3,Way of the Samurai 3,34.95,58,0.18
X360,Metro 2033,39.95,77,0.18
X360,Sonic & SEGA All-Stars Racing,39.95,75,0.18
X360,Blur,39.95,82,0.17
Nintendo Wii,How to Train Your Dragon,39.95,59,0.17
Sony PSP,MLB 10: The Show,32.95,79,0.16
PlayStation 3,Prince of Persia: The Forgotten Sands (Limited ...,44.95,75,0.16
PlayStation 3,Dark Void,22.95,59,0.15
X360,Dark Void,22.95,59,0.15
X360,Record of Agarest War,39.95,71,0.15
X360,Supreme Commander 2,39.95,75,0.15
PlayStation 3,Blur,44.95,82,0.14
PlayStation 3,Resonance of Fate,47.95,72,0.14
X360,Way of the Samurai 3,29.95,55,0.12
Nintendo Wii,Sin & Punishment: Star Successor,39.95,87,0.11
Nintendo Wii,Trauma Team,34.95,81,0.1
Nintendo DS,Mega Man Zero Collection,24.95,77,0.1
PlayStation 3,NieR,44.95,68,0.09
X360,NieR,47.95,67,0.09
X360,Resonance of Fate,49.95,74,0.09
Nintendo DS,Shin Megami Tensei: Strange Journey,29.95,82,0.08
Sony PSP,Silent Hill: Shattered Memories,24.95,73,0.07
PlayStation 3,Vancouver 2010,32.95,56,0.06
Nintendo Wii,Data East Arcade Classics,16.95,56,0.06
X360,How to Train Your Dragon,39.95,58,0.05
X360,Prison Break: The Conspiracy,32.95,40,0.05
PlayStation 3,How to Train Your Dragon,39.95,51,0.05
X360,Vancouver 2010,24.95,54,0.05
X360,MotoGP 09/10,39.95,69,0.04
PlayStation 3,MotoGP 09/10,39.95,70,0.04
PlayStation 3,Prison Break: The Conspiracy,32.95,41,0.04
Nintendo Wii,"Sakura Wars: So Long, My Love",24.95,74,0.04
X360,Record of Agarest War (The Really Naughty Limited Edition),49.95,71,0.04
Sony PSP,Metal Slug XX,16.95,67,0.02
